theme,sub_theme,topic,geography_type,geography,metric,sex,age,stratum,year,date,metric_value,in_reporting_delay_period
infectious_disease,respiratory,COVID-19,Nation,England,COVID-19_cases_casesByDay,all,all,default,2025,2025-01-21,20.0000,False
infectious_disease,respiratory,COVID-19,Nation,England,COVID-19_cases_casesByDay,all,all,default,2025,2025-01-20,74.0000,False
infectious_disease,respiratory,COVID-19,Nation,England,COVID-19_cases_casesByDay,all,all,default,2025,2025-01-19,84.0000,False
infectious_disease,respiratory,COVID-19,Nation,England,COVID-19_cases_casesByDay,all,all,default,2025,2025-01-18,81.0000,False
infectious_disease,respiratory,COVID-19,Nation,England,COVID-19_cases_casesByDay,all,all,default,2025,2025-01-17,103.0000,False
infectious_disease,respiratory,COVID-19,Nation,England,COVID-19_cases_casesByDay,all,all,default,2025,2025-01-16,112.0000,False
infectious_disease,respiratory,COVID-19,Nation,England,COVID-19_cases_casesByDay,all,all,default,2025,2025-01-15,131.0000,False
infectious_disease,respiratory,COVID-19,Nation,England,COVID-19_cases_casesByDay,all,all,default,2025,2025-01-14,133.0000,False
infectious_disease,respiratory,COVID-19,Nation,England,COVID-19_cases_casesByDay,all,all,default,2025,2025-01-13,131.0000,False
infectious_disease,respiratory,COVID-19,Nation,England,COVID-19_cases_casesByDay,all,all,default,2025,2025-01-12,87.0000,False
infectious_disease,respiratory,COVID-19,Nation,England,COVID-19_cases_casesByDay,all,all,default,2025,2025-01-11,73.0000,False
infectious_disease,respiratory,COVID-19,Nation,England,COVID-19_cases_casesByDay,all,all,default,2025,2025-01-10,124.0000,False
infectious_disease,respiratory,COVID-19,Nation,England,COVID-19_cases_casesByDay,all,all,default,2025,2025-01-09,122.0000,False
infectious_disease,respiratory,COVID-19,Nation,England,COVID-19_cases_casesByDay,all,all,default,2025,2025-01-08,135.0000,False
infectious_disease,respiratory,COVID-19,Nation,England,COVID-19_cases_casesByDay,all,all,default,2025,2025-01-07,163.0000,False
infectious_disease,respiratory,COVID-19,Nation,England,COVID-19_cases_casesByDay,all,all,default,2025,2025-01-06,122.0000,False
infectious_disease,respiratory,COVID-19,Nation,England,COVID-19_cases_casesByDay,all,all,default,2025,2025-01-05,93.0000,False
infectious_disease,respiratory,COVID-19,Nation,England,COVID-19_cases_casesByDay,all,all,default,2025,2025-01-04,126.0000,False
infectious_disease,respiratory,COVID-19,Nation,England,COVID-19_cases_casesByDay,all,all,default,2025,2025-01-03,125.0000,False
infectious_disease,respiratory,COVID-19,Nation,England,COVID-19_cases_casesByDay,all,all,default,2025,2025-01-02,160.0000,False
infectious_disease,respiratory,COVID-19,Nation,England,COVID-19_cases_casesByDay,all,all,default,2025,2025-01-01,114.0000,False
infectious_disease,respiratory,COVID-19,Nation,England,COVID-19_cases_casesByDay,all,all,default,2024,2024-12-31,159.0000,False
infectious_disease,respiratory,COVID-19,Nation,England,COVID-19_cases_casesByDay,all,all,default,2024,2024-12-30,170.0000,False
infectious_disease,respiratory,COVID-19,Nation,England,COVID-19_cases_casesByDay,all,all,default,2024,2024-12-29,113.0000,False
infectious_disease,respiratory,COVID-19,Nation,England,COVID-19_cases_casesByDay,all,all,default,2024,2024-12-28,106.0000,False
infectious_disease,respiratory,COVID-19,Nation,England,COVID-19_cases_casesByDay,all,all,default,2024,2024-12-27,150.0000,False
infectious_disease,respiratory,COVID-19,Nation,England,COVID-19_cases_casesByDay,all,all,default,2024,2024-12-26,126.0000,False
infectious_disease,respiratory,COVID-19,Nation,England,COVID-19_cases_casesByDay,all,all,default,2024,2024-12-25,119.0000,False
infectious_disease,respiratory,COVID-19,Nation,England,COVID-19_cases_casesByDay,all,all,default,2024,2024-12-24,135.0000,False
infectious_disease,respiratory,COVID-19,Nation,England,COVID-19_cases_casesByDay,all,all,default,2024,2024-12-23,147.0000,False
infectious_disease,respiratory,COVID-19,Nation,England,COVID-19_cases_casesByDay,all,all,default,2024,2024-12-22,130.0000,False
infectious_disease,respiratory,COVID-19,Nation,England,COVID-19_cases_casesByDay,all,all,default,2024,2024-12-21,113.0000,False
infectious_disease,respiratory,COVID-19,Nation,England,COVID-19_cases_casesByDay,all,all,default,2024,2024-12-20,156.0000,False
infectious_disease,respiratory,COVID-19,Nation,England,COVID-19_cases_casesByDay,all,all,default,2024,2024-12-19,155.0000,False
infectious_disease,respiratory,COVID-19,Nation,England,COVID-19_cases_casesByDay,all,all,default,2024,2024-12-18,213.0000,False
infectious_disease,respiratory,COVID-19,Nation,England,COVID-19_cases_casesByDay,all,all,default,2024,2024-12-17,184.0000,False
infectious_disease,respiratory,COVID-19,Nation,England,COVID-19_cases_casesByDay,all,all,default,2024,2024-12-16,197.0000,False
infectious_disease,respiratory,COVID-19,Nation,England,COVID-19_cases_casesByDay,all,all,default,2024,2024-12-15,127.0000,False
infectious_disease,respiratory,COVID-19,Nation,England,COVID-19_cases_casesByDay,all,all,default,2024,2024-12-14,121.0000,False
infectious_disease,respiratory,COVID-19,Nation,England,COVID-19_cases_casesByDay,all,all,default,2024,2024-12-13,149.0000,False
infectious_disease,respiratory,COVID-19,Nation,England,COVID-19_cases_casesByDay,all,all,default,2024,2024-12-12,159.0000,False
infectious_disease,respiratory,COVID-19,Nation,England,COVID-19_cases_casesByDay,all,all,default,2024,2024-12-11,152.0000,False
infectious_disease,respiratory,COVID-19,Nation,England,COVID-19_cases_casesByDay,all,all,default,2024,2024-12-10,188.0000,False
infectious_disease,respiratory,COVID-19,Nation,England,COVID-19_cases_casesByDay,all,all,default,2024,2024-12-09,182.0000,False
infectious_disease,respiratory,COVID-19,Nation,England,COVID-19_cases_casesByDay,all,all,default,2024,2024-12-08,112.0000,False
infectious_disease,respiratory,COVID-19,Nation,England,COVID-19_cases_casesByDay,all,all,default,2024,2024-12-07,118.0000,False
infectious_disease,respiratory,COVID-19,Nation,England,COVID-19_cases_casesByDay,all,all,default,2024,2024-12-06,172.0000,False
infectious_disease,respiratory,COVID-19,Nation,England,COVID-19_cases_casesByDay,all,all,default,2024,2024-12-05,171.0000,False
infectious_disease,respiratory,COVID-19,Nation,England,COVID-19_cases_casesByDay,all,all,default,2024,2024-12-04,161.0000,False
infectious_disease,respiratory,COVID-19,Nation,England,COVID-19_cases_casesByDay,all,all,default,2024,2024-12-03,170.0000,False
infectious_disease,respiratory,COVID-19,Nation,England,COVID-19_cases_casesByDay,all,all,default,2024,2024-12-02,200.0000,False
infectious_disease,respiratory,COVID-19,Nation,England,COVID-19_cases_casesByDay,all,all,default,2024,2024-12-01,119.0000,False
infectious_disease,respiratory,COVID-19,Nation,England,COVID-19_cases_casesByDay,all,all,default,2024,2024-11-30,129.0000,False
infectious_disease,respiratory,COVID-19,Nation,England,COVID-19_cases_casesByDay,all,all,default,2024,2024-11-29,151.0000,False
infectious_disease,respiratory,COVID-19,Nation,England,COVID-19_cases_casesByDay,all,all,default,2024,2024-11-28,168.0000,False
infectious_disease,respiratory,COVID-19,Nation,England,COVID-19_cases_casesByDay,all,all,default,2024,2024-11-27,175.0000,False
infectious_disease,respiratory,COVID-19,Nation,England,COVID-19_cases_casesByDay,all,all,default,2024,2024-11-26,214.0000,False
infectious_disease,respiratory,COVID-19,Nation,England,COVID-19_cases_casesByDay,all,all,default,2024,2024-11-25,187.0000,False
infectious_disease,respiratory,COVID-19,Nation,England,COVID-19_cases_casesByDay,all,all,default,2024,2024-11-24,115.0000,False
infectious_disease,respiratory,COVID-19,Nation,England,COVID-19_cases_casesByDay,all,all,default,2024,2024-11-23,164.0000,False
infectious_disease,respiratory,COVID-19,Nation,England,COVID-19_cases_casesByDay,all,all,default,2024,2024-11-22,154.0000,False
infectious_disease,respiratory,COVID-19,Nation,England,COVID-19_cases_casesByDay,all,all,default,2024,2024-11-21,150.0000,False
infectious_disease,respiratory,COVID-19,Nation,England,COVID-19_cases_casesByDay,all,all,default,2024,2024-11-20,187.0000,False
infectious_disease,respiratory,COVID-19,Nation,England,COVID-19_cases_casesByDay,all,all,default,2024,2024-11-19,217.0000,False
infectious_disease,respiratory,COVID-19,Nation,England,COVID-19_cases_casesByDay,all,all,default,2024,2024-11-18,195.0000,False
infectious_disease,respiratory,COVID-19,Nation,England,COVID-19_cases_casesByDay,all,all,default,2024,2024-11-17,117.0000,False
infectious_disease,respiratory,COVID-19,Nation,England,COVID-19_cases_casesByDay,all,all,default,2024,2024-11-16,123.0000,False
infectious_disease,respiratory,COVID-19,Nation,England,COVID-19_cases_casesByDay,all,all,default,2024,2024-11-15,180.0000,False
infectious_disease,respiratory,COVID-19,Nation,England,COVID-19_cases_casesByDay,all,all,default,2024,2024-11-14,164.0000,False
infectious_disease,respiratory,COVID-19,Nation,England,COVID-19_cases_casesByDay,all,all,default,2024,2024-11-13,193.0000,False
infectious_disease,respiratory,COVID-19,Nation,England,COVID-19_cases_casesByDay,all,all,default,2024,2024-11-12,183.0000,False
infectious_disease,respiratory,COVID-19,Nation,England,COVID-19_cases_casesByDay,all,all,default,2024,2024-11-11,176.0000,False
infectious_disease,respiratory,COVID-19,Nation,England,COVID-19_cases_casesByDay,all,all,default,2024,2024-11-10,152.0000,False
infectious_disease,respiratory,COVID-19,Nation,England,COVID-19_cases_casesByDay,all,all,default,2024,2024-11-09,161.0000,False
infectious_disease,respiratory,COVID-19,Nation,England,COVID-19_cases_casesByDay,all,all,default,2024,2024-11-08,227.0000,False
infectious_disease,respiratory,COVID-19,Nation,England,COVID-19_cases_casesByDay,all,all,default,2024,2024-11-07,216.0000,False
infectious_disease,respiratory,COVID-19,Nation,England,COVID-19_cases_casesByDay,all,all,default,2024,2024-11-06,215.0000,False
infectious_disease,respiratory,COVID-19,Nation,England,COVID-19_cases_casesByDay,all,all,default,2024,2024-11-05,233.0000,False
infectious_disease,respiratory,COVID-19,Nation,England,COVID-19_cases_casesByDay,all,all,default,2024,2024-11-04,267.0000,False
infectious_disease,respiratory,COVID-19,Nation,England,COVID-19_cases_casesByDay,all,all,default,2024,2024-11-03,168.0000,False
infectious_disease,respiratory,COVID-19,Nation,England,COVID-19_cases_casesByDay,all,all,default,2024,2024-11-02,171.0000,False
infectious_disease,respiratory,COVID-19,Nation,England,COVID-19_cases_casesByDay,all,all,default,2024,2024-11-01,248.0000,False
infectious_disease,respiratory,COVID-19,Nation,England,COVID-19_cases_casesByDay,all,all,default,2024,2024-10-31,272.0000,False
infectious_disease,respiratory,COVID-19,Nation,England,COVID-19_cases_casesByDay,all,all,default,2024,2024-10-30,314.0000,False
infectious_disease,respiratory,COVID-19,Nation,England,COVID-19_cases_casesByDay,all,all,default,2024,2024-10-29,305.0000,False
infectious_disease,respiratory,COVID-19,Nation,England,COVID-19_cases_casesByDay,all,all,default,2024,2024-10-28,331.0000,False
infectious_disease,respiratory,COVID-19,Nation,England,COVID-19_cases_casesByDay,all,all,default,2024,2024-10-27,245.0000,False
infectious_disease,respiratory,COVID-19,Nation,England,COVID-19_cases_casesByDay,all,all,default,2024,2024-10-26,240.0000,False
infectious_disease,respiratory,COVID-19,Nation,England,COVID-19_cases_casesByDay,all,all,default,2024,2024-10-25,374.0000,False
infectious_disease,respiratory,COVID-19,Nation,England,COVID-19_cases_casesByDay,all,all,default,2024,2024-10-24,408.0000,False
infectious_disease,respiratory,COVID-19,Nation,England,COVID-19_cases_casesByDay,all,all,default,2024,2024-10-23,385.0000,False
infectious_disease,respiratory,COVID-19,Nation,England,COVID-19_cases_casesByDay,all,all,default,2024,2024-10-22,419.0000,False
infectious_disease,respiratory,COVID-19,Nation,England,COVID-19_cases_casesByDay,all,all,default,2024,2024-10-21,472.0000,False
infectious_disease,respiratory,COVID-19,Nation,England,COVID-19_cases_casesByDay,all,all,default,2024,2024-10-20,325.0000,False
infectious_disease,respiratory,COVID-19,Nation,England,COVID-19_cases_casesByDay,all,all,default,2024,2024-10-19,349.0000,False
infectious_disease,respiratory,COVID-19,Nation,England,COVID-19_cases_casesByDay,all,all,default,2024,2024-10-18,463.0000,False
infectious_disease,respiratory,COVID-19,Nation,England,COVID-19_cases_casesByDay,all,all,default,2024,2024-10-17,579.0000,False
infectious_disease,respiratory,COVID-19,Nation,England,COVID-19_cases_casesByDay,all,all,default,2024,2024-10-16,572.0000,False
infectious_disease,respiratory,COVID-19,Nation,England,COVID-19_cases_casesByDay,all,all,default,2024,2024-10-15,487.0000,False
infectious_disease,respiratory,COVID-19,Nation,England,COVID-19_cases_casesByDay,all,all,default,2024,2024-10-14,489.0000,False
infectious_disease,respiratory,COVID-19,Nation,England,COVID-19_cases_casesByDay,all,all,default,2024,2024-10-13,338.0000,False
infectious_disease,respiratory,COVID-19,Nation,England,COVID-19_cases_casesByDay,all,all,default,2024,2024-10-12,329.0000,False
infectious_disease,respiratory,COVID-19,Nation,England,COVID-19_cases_casesByDay,all,all,default,2024,2024-10-11,430.0000,False
infectious_disease,respiratory,COVID-19,Nation,England,COVID-19_cases_casesByDay,all,all,default,2024,2024-10-10,553.0000,False
infectious_disease,respiratory,COVID-19,Nation,England,COVID-19_cases_casesByDay,all,all,default,2024,2024-10-09,557.0000,False
infectious_disease,respiratory,COVID-19,Nation,England,COVID-19_cases_casesByDay,all,all,default,2024,2024-10-08,592.0000,False
infectious_disease,respiratory,COVID-19,Nation,England,COVID-19_cases_casesByDay,all,all,default,2024,2024-10-07,634.0000,False
infectious_disease,respiratory,COVID-19,Nation,England,COVID-19_cases_casesByDay,all,all,default,2024,2024-10-06,409.0000,False
infectious_disease,respiratory,COVID-19,Nation,England,COVID-19_cases_casesByDay,all,all,default,2024,2024-10-05,383.0000,False
infectious_disease,respiratory,COVID-19,Nation,England,COVID-19_cases_casesByDay,all,all,default,2024,2024-10-04,503.0000,False
infectious_disease,respiratory,COVID-19,Nation,England,COVID-19_cases_casesByDay,all,all,default,2024,2024-10-03,506.0000,False
infectious_disease,respiratory,COVID-19,Nation,England,COVID-19_cases_casesByDay,all,all,default,2024,2024-10-02,555.0000,False
infectious_disease,respiratory,COVID-19,Nation,England,COVID-19_cases_casesByDay,all,all,default,2024,2024-10-01,510.0000,False
infectious_disease,respiratory,COVID-19,Nation,England,COVID-19_cases_casesByDay,all,all,default,2024,2024-09-30,466.0000,False
infectious_disease,respiratory,COVID-19,Nation,England,COVID-19_cases_casesByDay,all,all,default,2024,2024-09-29,282.0000,False
infectious_disease,respiratory,COVID-19,Nation,England,COVID-19_cases_casesByDay,all,all,default,2024,2024-09-28,316.0000,False
infectious_disease,respiratory,COVID-19,Nation,England,COVID-19_cases_casesByDay,all,all,default,2024,2024-09-27,412.0000,False
infectious_disease,respiratory,COVID-19,Nation,England,COVID-19_cases_casesByDay,all,all,default,2024,2024-09-26,478.0000,False
infectious_disease,respiratory,COVID-19,Nation,England,COVID-19_cases_casesByDay,all,all,default,2024,2024-09-25,440.0000,False
infectious_disease,respiratory,COVID-19,Nation,England,COVID-19_cases_casesByDay,all,all,default,2024,2024-09-24,478.0000,False
infectious_disease,respiratory,COVID-19,Nation,England,COVID-19_cases_casesByDay,all,all,default,2024,2024-09-23,501.0000,False
infectious_disease,respiratory,COVID-19,Nation,England,COVID-19_cases_casesByDay,all,all,default,2024,2024-09-22,375.0000,False
infectious_disease,respiratory,COVID-19,Nation,England,COVID-19_cases_casesByDay,all,all,default,2024,2024-09-21,311.0000,False
infectious_disease,respiratory,COVID-19,Nation,England,COVID-19_cases_casesByDay,all,all,default,2024,2024-09-20,399.0000,False
infectious_disease,respiratory,COVID-19,Nation,England,COVID-19_cases_casesByDay,all,all,default,2024,2024-09-19,411.0000,False
infectious_disease,respiratory,COVID-19,Nation,England,COVID-19_cases_casesByDay,all,all,default,2024,2024-09-18,421.0000,False
infectious_disease,respiratory,COVID-19,Nation,England,COVID-19_cases_casesByDay,all,all,default,2024,2024-09-17,434.0000,False
infectious_disease,respiratory,COVID-19,Nation,England,COVID-19_cases_casesByDay,all,all,default,2024,2024-09-16,460.0000,False
infectious_disease,respiratory,COVID-19,Nation,England,COVID-19_cases_casesByDay,all,all,default,2024,2024-09-15,268.0000,False
infectious_disease,respiratory,COVID-19,Nation,England,COVID-19_cases_casesByDay,all,all,default,2024,2024-09-14,255.0000,False
infectious_disease,respiratory,COVID-19,Nation,England,COVID-19_cases_casesByDay,all,all,default,2024,2024-09-13,267.0000,False
infectious_disease,respiratory,COVID-19,Nation,England,COVID-19_cases_casesByDay,all,all,default,2024,2024-09-12,259.0000,False
infectious_disease,respiratory,COVID-19,Nation,England,COVID-19_cases_casesByDay,all,all,default,2024,2024-09-11,268.0000,False
infectious_disease,respiratory,COVID-19,Nation,England,COVID-19_cases_casesByDay,all,all,default,2024,2024-09-10,292.0000,False
infectious_disease,respiratory,COVID-19,Nation,England,COVID-19_cases_casesByDay,all,all,default,2024,2024-09-09,281.0000,False
infectious_disease,respiratory,COVID-19,Nation,England,COVID-19_cases_casesByDay,all,all,default,2024,2024-09-08,198.0000,False
infectious_disease,respiratory,COVID-19,Nation,England,COVID-19_cases_casesByDay,all,all,default,2024,2024-09-07,202.0000,False
infectious_disease,respiratory,COVID-19,Nation,England,COVID-19_cases_casesByDay,all,all,default,2024,2024-09-06,269.0000,False
infectious_disease,respiratory,COVID-19,Nation,England,COVID-19_cases_casesByDay,all,all,default,2024,2024-09-05,265.0000,False
infectious_disease,respiratory,COVID-19,Nation,England,COVID-19_cases_casesByDay,all,all,default,2024,2024-09-04,240.0000,False
infectious_disease,respiratory,COVID-19,Nation,England,COVID-19_cases_casesByDay,all,all,default,2024,2024-09-03,272.0000,False
infectious_disease,respiratory,COVID-19,Nation,England,COVID-19_cases_casesByDay,all,all,default,2024,2024-09-02,278.0000,False
infectious_disease,respiratory,COVID-19,Nation,England,COVID-19_cases_casesByDay,all,all,default,2024,2024-09-01,172.0000,False
infectious_disease,respiratory,COVID-19,Nation,England,COVID-19_cases_casesByDay,all,all,default,2024,2024-08-31,199.0000,False
infectious_disease,respiratory,COVID-19,Nation,England,COVID-19_cases_casesByDay,all,all,default,2024,2024-08-30,243.0000,False
infectious_disease,respiratory,COVID-19,Nation,England,COVID-19_cases_casesByDay,all,all,default,2024,2024-08-29,254.0000,False
infectious_disease,respiratory,COVID-19,Nation,England,COVID-19_cases_casesByDay,all,all,default,2024,2024-08-28,274.0000,False
infectious_disease,respiratory,COVID-19,Nation,England,COVID-19_cases_casesByDay,all,all,default,2024,2024-08-27,254.0000,False
infectious_disease,respiratory,COVID-19,Nation,England,COVID-19_cases_casesByDay,all,all,default,2024,2024-08-26,234.0000,False
infectious_disease,respiratory,COVID-19,Nation,England,COVID-19_cases_casesByDay,all,all,default,2024,2024-08-25,162.0000,False
infectious_disease,respiratory,COVID-19,Nation,England,COVID-19_cases_casesByDay,all,all,default,2024,2024-08-24,202.0000,False
infectious_disease,respiratory,COVID-19,Nation,England,COVID-19_cases_casesByDay,all,all,default,2024,2024-08-23,224.0000,False
infectious_disease,respiratory,COVID-19,Nation,England,COVID-19_cases_casesByDay,all,all,default,2024,2024-08-22,251.0000,False
infectious_disease,respiratory,COVID-19,Nation,England,COVID-19_cases_casesByDay,all,all,default,2024,2024-08-21,221.0000,False
infectious_disease,respiratory,COVID-19,Nation,England,COVID-19_cases_casesByDay,all,all,default,2024,2024-08-20,203.0000,False
infectious_disease,respiratory,COVID-19,Nation,England,COVID-19_cases_casesByDay,all,all,default,2024,2024-08-19,247.0000,False
infectious_disease,respiratory,COVID-19,Nation,England,COVID-19_cases_casesByDay,all,all,default,2024,2024-08-18,163.0000,False
infectious_disease,respiratory,COVID-19,Nation,England,COVID-19_cases_casesByDay,all,all,default,2024,2024-08-17,159.0000,False
infectious_disease,respiratory,COVID-19,Nation,England,COVID-19_cases_casesByDay,all,all,default,2024,2024-08-16,237.0000,False
infectious_disease,respiratory,COVID-19,Nation,England,COVID-19_cases_casesByDay,all,all,default,2024,2024-08-15,263.0000,False
infectious_disease,respiratory,COVID-19,Nation,England,COVID-19_cases_casesByDay,all,all,default,2024,2024-08-14,277.0000,False
infectious_disease,respiratory,COVID-19,Nation,England,COVID-19_cases_casesByDay,all,all,default,2024,2024-08-13,283.0000,False
infectious_disease,respiratory,COVID-19,Nation,England,COVID-19_cases_casesByDay,all,all,default,2024,2024-08-12,296.0000,False
infectious_disease,respiratory,COVID-19,Nation,England,COVID-19_cases_casesByDay,all,all,default,2024,2024-08-11,214.0000,False
infectious_disease,respiratory,COVID-19,Nation,England,COVID-19_cases_casesByDay,all,all,default,2024,2024-08-10,205.0000,False
infectious_disease,respiratory,COVID-19,Nation,England,COVID-19_cases_casesByDay,all,all,default,2024,2024-08-09,286.0000,False
infectious_disease,respiratory,COVID-19,Nation,England,COVID-19_cases_casesByDay,all,all,default,2024,2024-08-08,277.0000,False
infectious_disease,respiratory,COVID-19,Nation,England,COVID-19_cases_casesByDay,all,all,default,2024,2024-08-07,307.0000,False
infectious_disease,respiratory,COVID-19,Nation,England,COVID-19_cases_casesByDay,all,all,default,2024,2024-08-06,335.0000,False
infectious_disease,respiratory,COVID-19,Nation,England,COVID-19_cases_casesByDay,all,all,default,2024,2024-08-05,400.0000,False
infectious_disease,respiratory,COVID-19,Nation,England,COVID-19_cases_casesByDay,all,all,default,2024,2024-08-04,264.0000,False
infectious_disease,respiratory,COVID-19,Nation,England,COVID-19_cases_casesByDay,all,all,default,2024,2024-08-03,279.0000,False
infectious_disease,respiratory,COVID-19,Nation,England,COVID-19_cases_casesByDay,all,all,default,2024,2024-08-02,392.0000,False
infectious_disease,respiratory,COVID-19,Nation,England,COVID-19_cases_casesByDay,all,all,default,2024,2024-08-01,440.0000,False
infectious_disease,respiratory,COVID-19,Nation,England,COVID-19_cases_casesByDay,all,all,default,2024,2024-07-31,486.0000,False
infectious_disease,respiratory,COVID-19,Nation,England,COVID-19_cases_casesByDay,all,all,default,2024,2024-07-30,472.0000,False
infectious_disease,respiratory,COVID-19,Nation,England,COVID-19_cases_casesByDay,all,all,default,2024,2024-07-29,444.0000,False
infectious_disease,respiratory,COVID-19,Nation,England,COVID-19_cases_casesByDay,all,all,default,2024,2024-07-28,345.0000,False
infectious_disease,respiratory,COVID-19,Nation,England,COVID-19_cases_casesByDay,all,all,default,2024,2024-07-27,336.0000,False
infectious_disease,respiratory,COVID-19,Nation,England,COVID-19_cases_casesByDay,all,all,default,2024,2024-07-26,509.0000,False
infectious_disease,respiratory,COVID-19,Nation,England,COVID-19_cases_casesByDay,all,all,default,2024,2024-07-25,494.0000,False
infectious_disease,respiratory,COVID-19,Nation,England,COVID-19_cases_casesByDay,all,all,default,2024,2024-07-24,536.0000,False
infectious_disease,respiratory,COVID-19,Nation,England,COVID-19_cases_casesByDay,all,all,default,2024,2024-07-23,563.0000,False
infectious_disease,respiratory,COVID-19,Nation,England,COVID-19_cases_casesByDay,all,all,default,2024,2024-07-22,584.0000,False
infectious_disease,respiratory,COVID-19,Nation,England,COVID-19_cases_casesByDay,all,all,default,2024,2024-07-21,411.0000,False
infectious_disease,respiratory,COVID-19,Nation,England,COVID-19_cases_casesByDay,all,all,default,2024,2024-07-20,428.0000,False
infectious_disease,respiratory,COVID-19,Nation,England,COVID-19_cases_casesByDay,all,all,default,2024,2024-07-19,635.0000,False
infectious_disease,respiratory,COVID-19,Nation,England,COVID-19_cases_casesByDay,all,all,default,2024,2024-07-18,615.0000,False
infectious_disease,respiratory,COVID-19,Nation,England,COVID-19_cases_casesByDay,all,all,default,2024,2024-07-17,590.0000,False
infectious_disease,respiratory,COVID-19,Nation,England,COVID-19_cases_casesByDay,all,all,default,2024,2024-07-16,611.0000,False
infectious_disease,respiratory,COVID-19,Nation,England,COVID-19_cases_casesByDay,all,all,default,2024,2024-07-15,621.0000,False
infectious_disease,respiratory,COVID-19,Nation,England,COVID-19_cases_casesByDay,all,all,default,2024,2024-07-14,412.0000,False
infectious_disease,respiratory,COVID-19,Nation,England,COVID-19_cases_casesByDay,all,all,default,2024,2024-07-13,463.0000,False
infectious_disease,respiratory,COVID-19,Nation,England,COVID-19_cases_casesByDay,all,all,default,2024,2024-07-12,523.0000,False
infectious_disease,respiratory,COVID-19,Nation,England,COVID-19_cases_casesByDay,all,all,default,2024,2024-07-11,538.0000,False
infectious_disease,respiratory,COVID-19,Nation,England,COVID-19_cases_casesByDay,all,all,default,2024,2024-07-10,620.0000,False
infectious_disease,respiratory,COVID-19,Nation,England,COVID-19_cases_casesByDay,all,all,default,2024,2024-07-09,597.0000,False
infectious_disease,respiratory,COVID-19,Nation,England,COVID-19_cases_casesByDay,all,all,default,2024,2024-07-08,616.0000,False
infectious_disease,respiratory,COVID-19,Nation,England,COVID-19_cases_casesByDay,all,all,default,2024,2024-07-07,371.0000,False
infectious_disease,respiratory,COVID-19,Nation,England,COVID-19_cases_casesByDay,all,all,default,2024,2024-07-06,361.0000,False
infectious_disease,respiratory,COVID-19,Nation,England,COVID-19_cases_casesByDay,all,all,default,2024,2024-07-05,505.0000,False
infectious_disease,respiratory,COVID-19,Nation,England,COVID-19_cases_casesByDay,all,all,default,2024,2024-07-04,496.0000,False
infectious_disease,respiratory,COVID-19,Nation,England,COVID-19_cases_casesByDay,all,all,default,2024,2024-07-03,471.0000,False
infectious_disease,respiratory,COVID-19,Nation,England,COVID-19_cases_casesByDay,all,all,default,2024,2024-07-02,437.0000,False
infectious_disease,respiratory,COVID-19,Nation,England,COVID-19_cases_casesByDay,all,all,default,2024,2024-07-01,470.0000,False
infectious_disease,respiratory,COVID-19,Nation,England,COVID-19_cases_casesByDay,all,all,default,2024,2024-06-30,322.0000,False
infectious_disease,respiratory,COVID-19,Nation,England,COVID-19_cases_casesByDay,all,all,default,2024,2024-06-29,313.0000,False
infectious_disease,respiratory,COVID-19,Nation,England,COVID-19_cases_casesByDay,all,all,default,2024,2024-06-28,392.0000,False
infectious_disease,respiratory,COVID-19,Nation,England,COVID-19_cases_casesByDay,all,all,default,2024,2024-06-27,552.0000,False
infectious_disease,respiratory,COVID-19,Nation,England,COVID-19_cases_casesByDay,all,all,default,2024,2024-06-26,568.0000,False
infectious_disease,respiratory,COVID-19,Nation,England,COVID-19_cases_casesByDay,all,all,default,2024,2024-06-25,550.0000,False
infectious_disease,respiratory,COVID-19,Nation,England,COVID-19_cases_casesByDay,all,all,default,2024,2024-06-24,508.0000,False
infectious_disease,respiratory,COVID-19,Nation,England,COVID-19_cases_casesByDay,all,all,default,2024,2024-06-23,378.0000,False
infectious_disease,respiratory,COVID-19,Nation,England,COVID-19_cases_casesByDay,all,all,default,2024,2024-06-22,415.0000,False
infectious_disease,respiratory,COVID-19,Nation,England,COVID-19_cases_casesByDay,all,all,default,2024,2024-06-21,510.0000,False
infectious_disease,respiratory,COVID-19,Nation,England,COVID-19_cases_casesByDay,all,all,default,2024,2024-06-20,477.0000,False
infectious_disease,respiratory,COVID-19,Nation,England,COVID-19_cases_casesByDay,all,all,default,2024,2024-06-19,542.0000,False
infectious_disease,respiratory,COVID-19,Nation,England,COVID-19_cases_casesByDay,all,all,default,2024,2024-06-18,515.0000,False
infectious_disease,respiratory,COVID-19,Nation,England,COVID-19_cases_casesByDay,all,all,default,2024,2024-06-17,475.0000,False
infectious_disease,respiratory,COVID-19,Nation,England,COVID-19_cases_casesByDay,all,all,default,2024,2024-06-16,347.0000,False
infectious_disease,respiratory,COVID-19,Nation,England,COVID-19_cases_casesByDay,all,all,default,2024,2024-06-15,324.0000,False
infectious_disease,respiratory,COVID-19,Nation,England,COVID-19_cases_casesByDay,all,all,default,2024,2024-06-14,405.0000,False
infectious_disease,respiratory,COVID-19,Nation,England,COVID-19_cases_casesByDay,all,all,default,2024,2024-06-13,409.0000,False
infectious_disease,respiratory,COVID-19,Nation,England,COVID-19_cases_casesByDay,all,all,default,2024,2024-06-12,365.0000,False
infectious_disease,respiratory,COVID-19,Nation,England,COVID-19_cases_casesByDay,all,all,default,2024,2024-06-11,372.0000,False
infectious_disease,respiratory,COVID-19,Nation,England,COVID-19_cases_casesByDay,all,all,default,2024,2024-06-10,356.0000,False
infectious_disease,respiratory,COVID-19,Nation,England,COVID-19_cases_casesByDay,all,all,default,2024,2024-06-09,275.0000,False
infectious_disease,respiratory,COVID-19,Nation,England,COVID-19_cases_casesByDay,all,all,default,2024,2024-06-08,254.0000,False
infectious_disease,respiratory,COVID-19,Nation,England,COVID-19_cases_casesByDay,all,all,default,2024,2024-06-07,297.0000,False
infectious_disease,respiratory,COVID-19,Nation,England,COVID-19_cases_casesByDay,all,all,default,2024,2024-06-06,275.0000,False
infectious_disease,respiratory,COVID-19,Nation,England,COVID-19_cases_casesByDay,all,all,default,2024,2024-06-05,330.0000,False
infectious_disease,respiratory,COVID-19,Nation,England,COVID-19_cases_casesByDay,all,all,default,2024,2024-06-04,310.0000,False
infectious_disease,respiratory,COVID-19,Nation,England,COVID-19_cases_casesByDay,all,all,default,2024,2024-06-03,333.0000,False
infectious_disease,respiratory,COVID-19,Nation,England,COVID-19_cases_casesByDay,all,all,default,2024,2024-06-02,201.0000,False
infectious_disease,respiratory,COVID-19,Nation,England,COVID-19_cases_casesByDay,all,all,default,2024,2024-06-01,191.0000,False
infectious_disease,respiratory,COVID-19,Nation,England,COVID-19_cases_casesByDay,all,all,default,2024,2024-05-31,310.0000,False
infectious_disease,respiratory,COVID-19,Nation,England,COVID-19_cases_casesByDay,all,all,default,2024,2024-05-30,294.0000,False
infectious_disease,respiratory,COVID-19,Nation,England,COVID-19_cases_casesByDay,all,all,default,2024,2024-05-29,276.0000,False
infectious_disease,respiratory,COVID-19,Nation,England,COVID-19_cases_casesByDay,all,all,default,2024,2024-05-28,299.0000,False
infectious_disease,respiratory,COVID-19,Nation,England,COVID-19_cases_casesByDay,all,all,default,2024,2024-05-27,215.0000,False
infectious_disease,respiratory,COVID-19,Nation,England,COVID-19_cases_casesByDay,all,all,default,2024,2024-05-26,194.0000,False
infectious_disease,respiratory,COVID-19,Nation,England,COVID-19_cases_casesByDay,all,all,default,2024,2024-05-25,171.0000,False
infectious_disease,respiratory,COVID-19,Nation,England,COVID-19_cases_casesByDay,all,all,default,2024,2024-05-24,269.0000,False
infectious_disease,respiratory,COVID-19,Nation,England,COVID-19_cases_casesByDay,all,all,default,2024,2024-05-23,256.0000,False
infectious_disease,respiratory,COVID-19,Nation,England,COVID-19_cases_casesByDay,all,all,default,2024,2024-05-22,283.0000,False
infectious_disease,respiratory,COVID-19,Nation,England,COVID-19_cases_casesByDay,all,all,default,2024,2024-05-21,290.0000,False
infectious_disease,respiratory,COVID-19,Nation,England,COVID-19_cases_casesByDay,all,all,default,2024,2024-05-20,325.0000,False
infectious_disease,respiratory,COVID-19,Nation,England,COVID-19_cases_casesByDay,all,all,default,2024,2024-05-19,222.0000,False
infectious_disease,respiratory,COVID-19,Nation,England,COVID-19_cases_casesByDay,all,all,default,2024,2024-05-18,196.0000,False
infectious_disease,respiratory,COVID-19,Nation,England,COVID-19_cases_casesByDay,all,all,default,2024,2024-05-17,315.0000,False
infectious_disease,respiratory,COVID-19,Nation,England,COVID-19_cases_casesByDay,all,all,default,2024,2024-05-16,352.0000,False
infectious_disease,respiratory,COVID-19,Nation,England,COVID-19_cases_casesByDay,all,all,default,2024,2024-05-15,343.0000,False
infectious_disease,respiratory,COVID-19,Nation,England,COVID-19_cases_casesByDay,all,all,default,2024,2024-05-14,337.0000,False
infectious_disease,respiratory,COVID-19,Nation,England,COVID-19_cases_casesByDay,all,all,default,2024,2024-05-13,336.0000,False
infectious_disease,respiratory,COVID-19,Nation,England,COVID-19_cases_casesByDay,all,all,default,2024,2024-05-12,229.0000,False
infectious_disease,respiratory,COVID-19,Nation,England,COVID-19_cases_casesByDay,all,all,default,2024,2024-05-11,262.0000,False
infectious_disease,respiratory,COVID-19,Nation,England,COVID-19_cases_casesByDay,all,all,default,2024,2024-05-10,361.0000,False
infectious_disease,respiratory,COVID-19,Nation,England,COVID-19_cases_casesByDay,all,all,default,2024,2024-05-09,427.0000,False
infectious_disease,respiratory,COVID-19,Nation,England,COVID-19_cases_casesByDay,all,all,default,2024,2024-05-08,392.0000,False
infectious_disease,respiratory,COVID-19,Nation,England,COVID-19_cases_casesByDay,all,all,default,2024,2024-05-07,412.0000,False
infectious_disease,respiratory,COVID-19,Nation,England,COVID-19_cases_casesByDay,all,all,default,2024,2024-05-06,343.0000,False
infectious_disease,respiratory,COVID-19,Nation,England,COVID-19_cases_casesByDay,all,all,default,2024,2024-05-05,279.0000,False
infectious_disease,respiratory,COVID-19,Nation,England,COVID-19_cases_casesByDay,all,all,default,2024,2024-05-04,278.0000,False
infectious_disease,respiratory,COVID-19,Nation,England,COVID-19_cases_casesByDay,all,all,default,2024,2024-05-03,412.0000,False
infectious_disease,respiratory,COVID-19,Nation,England,COVID-19_cases_casesByDay,all,all,default,2024,2024-05-02,362.0000,False
infectious_disease,respiratory,COVID-19,Nation,England,COVID-19_cases_casesByDay,all,all,default,2024,2024-05-01,398.0000,False
infectious_disease,respiratory,COVID-19,Nation,England,COVID-19_cases_casesByDay,all,all,default,2024,2024-04-30,377.0000,False
infectious_disease,respiratory,COVID-19,Nation,England,COVID-19_cases_casesByDay,all,all,default,2024,2024-04-29,342.0000,False
infectious_disease,respiratory,COVID-19,Nation,England,COVID-19_cases_casesByDay,all,all,default,2024,2024-04-28,182.0000,False
infectious_disease,respiratory,COVID-19,Nation,England,COVID-19_cases_casesByDay,all,all,default,2024,2024-04-27,198.0000,False
infectious_disease,respiratory,COVID-19,Nation,England,COVID-19_cases_casesByDay,all,all,default,2024,2024-04-26,276.0000,False
infectious_disease,respiratory,COVID-19,Nation,England,COVID-19_cases_casesByDay,all,all,default,2024,2024-04-25,282.0000,False
infectious_disease,respiratory,COVID-19,Nation,England,COVID-19_cases_casesByDay,all,all,default,2024,2024-04-24,294.0000,False
infectious_disease,respiratory,COVID-19,Nation,England,COVID-19_cases_casesByDay,all,all,default,2024,2024-04-23,273.0000,False
infectious_disease,respiratory,COVID-19,Nation,England,COVID-19_cases_casesByDay,all,all,default,2024,2024-04-22,263.0000,False
infectious_disease,respiratory,COVID-19,Nation,England,COVID-19_cases_casesByDay,all,all,default,2024,2024-04-21,171.0000,False
infectious_disease,respiratory,COVID-19,Nation,England,COVID-19_cases_casesByDay,all,all,default,2024,2024-04-20,144.0000,False
infectious_disease,respiratory,COVID-19,Nation,England,COVID-19_cases_casesByDay,all,all,default,2024,2024-04-19,210.0000,False
infectious_disease,respiratory,COVID-19,Nation,England,COVID-19_cases_casesByDay,all,all,default,2024,2024-04-18,236.0000,False
infectious_disease,respiratory,COVID-19,Nation,England,COVID-19_cases_casesByDay,all,all,default,2024,2024-04-17,224.0000,False
infectious_disease,respiratory,COVID-19,Nation,England,COVID-19_cases_casesByDay,all,all,default,2024,2024-04-16,192.0000,False
infectious_disease,respiratory,COVID-19,Nation,England,COVID-19_cases_casesByDay,all,all,default,2024,2024-04-15,216.0000,False
infectious_disease,respiratory,COVID-19,Nation,England,COVID-19_cases_casesByDay,all,all,default,2024,2024-04-14,141.0000,False
infectious_disease,respiratory,COVID-19,Nation,England,COVID-19_cases_casesByDay,all,all,default,2024,2024-04-13,139.0000,False
infectious_disease,respiratory,COVID-19,Nation,England,COVID-19_cases_casesByDay,all,all,default,2024,2024-04-12,217.0000,False
infectious_disease,respiratory,COVID-19,Nation,England,COVID-19_cases_casesByDay,all,all,default,2024,2024-04-11,185.0000,False
infectious_disease,respiratory,COVID-19,Nation,England,COVID-19_cases_casesByDay,all,all,default,2024,2024-04-10,162.0000,False
infectious_disease,respiratory,COVID-19,Nation,England,COVID-19_cases_casesByDay,all,all,default,2024,2024-04-09,186.0000,False
infectious_disease,respiratory,COVID-19,Nation,England,COVID-19_cases_casesByDay,all,all,default,2024,2024-04-08,217.0000,False
infectious_disease,respiratory,COVID-19,Nation,England,COVID-19_cases_casesByDay,all,all,default,2024,2024-04-07,154.0000,False
infectious_disease,respiratory,COVID-19,Nation,England,COVID-19_cases_casesByDay,all,all,default,2024,2024-04-06,144.0000,False
infectious_disease,respiratory,COVID-19,Nation,England,COVID-19_cases_casesByDay,all,all,default,2024,2024-04-05,203.0000,False
infectious_disease,respiratory,COVID-19,Nation,England,COVID-19_cases_casesByDay,all,all,default,2024,2024-04-04,200.0000,False
infectious_disease,respiratory,COVID-19,Nation,England,COVID-19_cases_casesByDay,all,all,default,2024,2024-04-03,207.0000,False
infectious_disease,respiratory,COVID-19,Nation,England,COVID-19_cases_casesByDay,all,all,default,2024,2024-04-02,252.0000,False
infectious_disease,respiratory,COVID-19,Nation,England,COVID-19_cases_casesByDay,all,all,default,2024,2024-04-01,183.0000,False
infectious_disease,respiratory,COVID-19,Nation,England,COVID-19_cases_casesByDay,all,all,default,2024,2024-03-31,146.0000,False
infectious_disease,respiratory,COVID-19,Nation,England,COVID-19_cases_casesByDay,all,all,default,2024,2024-03-30,130.0000,False
infectious_disease,respiratory,COVID-19,Nation,England,COVID-19_cases_casesByDay,all,all,default,2024,2024-03-29,167.0000,False
infectious_disease,respiratory,COVID-19,Nation,England,COVID-19_cases_casesByDay,all,all,default,2024,2024-03-28,203.0000,False
infectious_disease,respiratory,COVID-19,Nation,England,COVID-19_cases_casesByDay,all,all,default,2024,2024-03-27,187.0000,False
infectious_disease,respiratory,COVID-19,Nation,England,COVID-19_cases_casesByDay,all,all,default,2024,2024-03-26,185.0000,False
infectious_disease,respiratory,COVID-19,Nation,England,COVID-19_cases_casesByDay,all,all,default,2024,2024-03-25,195.0000,False
infectious_disease,respiratory,COVID-19,Nation,England,COVID-19_cases_casesByDay,all,all,default,2024,2024-03-24,152.0000,False
infectious_disease,respiratory,COVID-19,Nation,England,COVID-19_cases_casesByDay,all,all,default,2024,2024-03-23,127.0000,False
infectious_disease,respiratory,COVID-19,Nation,England,COVID-19_cases_casesByDay,all,all,default,2024,2024-03-22,195.0000,False
infectious_disease,respiratory,COVID-19,Nation,England,COVID-19_cases_casesByDay,all,all,default,2024,2024-03-21,174.0000,False
infectious_disease,respiratory,COVID-19,Nation,England,COVID-19_cases_casesByDay,all,all,default,2024,2024-03-20,167.0000,False
infectious_disease,respiratory,COVID-19,Nation,England,COVID-19_cases_casesByDay,all,all,default,2024,2024-03-19,230.0000,False
infectious_disease,respiratory,COVID-19,Nation,England,COVID-19_cases_casesByDay,all,all,default,2024,2024-03-18,223.0000,False
infectious_disease,respiratory,COVID-19,Nation,England,COVID-19_cases_casesByDay,all,all,default,2024,2024-03-17,138.0000,False
infectious_disease,respiratory,COVID-19,Nation,England,COVID-19_cases_casesByDay,all,all,default,2024,2024-03-16,130.0000,False
infectious_disease,respiratory,COVID-19,Nation,England,COVID-19_cases_casesByDay,all,all,default,2024,2024-03-15,225.0000,False
infectious_disease,respiratory,COVID-19,Nation,England,COVID-19_cases_casesByDay,all,all,default,2024,2024-03-14,232.0000,False
infectious_disease,respiratory,COVID-19,Nation,England,COVID-19_cases_casesByDay,all,all,default,2024,2024-03-13,268.0000,False
infectious_disease,respiratory,COVID-19,Nation,England,COVID-19_cases_casesByDay,all,all,default,2024,2024-03-12,221.0000,False
infectious_disease,respiratory,COVID-19,Nation,England,COVID-19_cases_casesByDay,all,all,default,2024,2024-03-11,237.0000,False
infectious_disease,respiratory,COVID-19,Nation,England,COVID-19_cases_casesByDay,all,all,default,2024,2024-03-10,163.0000,False
infectious_disease,respiratory,COVID-19,Nation,England,COVID-19_cases_casesByDay,all,all,default,2024,2024-03-09,135.0000,False
infectious_disease,respiratory,COVID-19,Nation,England,COVID-19_cases_casesByDay,all,all,default,2024,2024-03-08,170.0000,False
infectious_disease,respiratory,COVID-19,Nation,England,COVID-19_cases_casesByDay,all,all,default,2024,2024-03-07,228.0000,False
infectious_disease,respiratory,COVID-19,Nation,England,COVID-19_cases_casesByDay,all,all,default,2024,2024-03-06,193.0000,False
infectious_disease,respiratory,COVID-19,Nation,England,COVID-19_cases_casesByDay,all,all,default,2024,2024-03-05,215.0000,False
infectious_disease,respiratory,COVID-19,Nation,England,COVID-19_cases_casesByDay,all,all,default,2024,2024-03-04,222.0000,False
infectious_disease,respiratory,COVID-19,Nation,England,COVID-19_cases_casesByDay,all,all,default,2024,2024-03-03,136.0000,False
infectious_disease,respiratory,COVID-19,Nation,England,COVID-19_cases_casesByDay,all,all,default,2024,2024-03-02,150.0000,False
infectious_disease,respiratory,COVID-19,Nation,England,COVID-19_cases_casesByDay,all,all,default,2024,2024-03-01,197.0000,False
infectious_disease,respiratory,COVID-19,Nation,England,COVID-19_cases_casesByDay,all,all,default,2024,2024-02-29,194.0000,False
infectious_disease,respiratory,COVID-19,Nation,England,COVID-19_cases_casesByDay,all,all,default,2024,2024-02-28,154.0000,False
infectious_disease,respiratory,COVID-19,Nation,England,COVID-19_cases_casesByDay,all,all,default,2024,2024-02-27,206.0000,False
infectious_disease,respiratory,COVID-19,Nation,England,COVID-19_cases_casesByDay,all,all,default,2024,2024-02-26,184.0000,False
infectious_disease,respiratory,COVID-19,Nation,England,COVID-19_cases_casesByDay,all,all,default,2024,2024-02-25,139.0000,False
infectious_disease,respiratory,COVID-19,Nation,England,COVID-19_cases_casesByDay,all,all,default,2024,2024-02-24,182.0000,False
infectious_disease,respiratory,COVID-19,Nation,England,COVID-19_cases_casesByDay,all,all,default,2024,2024-02-23,218.0000,False
infectious_disease,respiratory,COVID-19,Nation,England,COVID-19_cases_casesByDay,all,all,default,2024,2024-02-22,249.0000,False
infectious_disease,respiratory,COVID-19,Nation,England,COVID-19_cases_casesByDay,all,all,default,2024,2024-02-21,276.0000,False
infectious_disease,respiratory,COVID-19,Nation,England,COVID-19_cases_casesByDay,all,all,default,2024,2024-02-20,255.0000,False
infectious_disease,respiratory,COVID-19,Nation,England,COVID-19_cases_casesByDay,all,all,default,2024,2024-02-19,257.0000,False
infectious_disease,respiratory,COVID-19,Nation,England,COVID-19_cases_casesByDay,all,all,default,2024,2024-02-18,213.0000,False
infectious_disease,respiratory,COVID-19,Nation,England,COVID-19_cases_casesByDay,all,all,default,2024,2024-02-17,241.0000,False
infectious_disease,respiratory,COVID-19,Nation,England,COVID-19_cases_casesByDay,all,all,default,2024,2024-02-16,366.0000,False
infectious_disease,respiratory,COVID-19,Nation,England,COVID-19_cases_casesByDay,all,all,default,2024,2024-02-15,323.0000,False
infectious_disease,respiratory,COVID-19,Nation,England,COVID-19_cases_casesByDay,all,all,default,2024,2024-02-14,394.0000,False
infectious_disease,respiratory,COVID-19,Nation,England,COVID-19_cases_casesByDay,all,all,default,2024,2024-02-13,412.0000,False
infectious_disease,respiratory,COVID-19,Nation,England,COVID-19_cases_casesByDay,all,all,default,2024,2024-02-12,432.0000,False
infectious_disease,respiratory,COVID-19,Nation,England,COVID-19_cases_casesByDay,all,all,default,2024,2024-02-11,368.0000,False
infectious_disease,respiratory,COVID-19,Nation,England,COVID-19_cases_casesByDay,all,all,default,2024,2024-02-10,359.0000,False
infectious_disease,respiratory,COVID-19,Nation,England,COVID-19_cases_casesByDay,all,all,default,2024,2024-02-09,449.0000,False
infectious_disease,respiratory,COVID-19,Nation,England,COVID-19_cases_casesByDay,all,all,default,2024,2024-02-08,482.0000,False
infectious_disease,respiratory,COVID-19,Nation,England,COVID-19_cases_casesByDay,all,all,default,2024,2024-02-07,543.0000,False
infectious_disease,respiratory,COVID-19,Nation,England,COVID-19_cases_casesByDay,all,all,default,2024,2024-02-06,600.0000,False
infectious_disease,respiratory,COVID-19,Nation,England,COVID-19_cases_casesByDay,all,all,default,2024,2024-02-05,678.0000,False
infectious_disease,respiratory,COVID-19,Nation,England,COVID-19_cases_casesByDay,all,all,default,2024,2024-02-04,519.0000,False
infectious_disease,respiratory,COVID-19,Nation,England,COVID-19_cases_casesByDay,all,all,default,2024,2024-02-03,485.0000,False
infectious_disease,respiratory,COVID-19,Nation,England,COVID-19_cases_casesByDay,all,all,default,2024,2024-02-02,539.0000,False
infectious_disease,respiratory,COVID-19,Nation,England,COVID-19_cases_casesByDay,all,all,default,2024,2024-02-01,641.0000,False
infectious_disease,respiratory,COVID-19,Nation,England,COVID-19_cases_casesByDay,all,all,default,2024,2024-01-31,719.0000,False
infectious_disease,respiratory,COVID-19,Nation,England,COVID-19_cases_casesByDay,all,all,default,2024,2024-01-30,758.0000,False
infectious_disease,respiratory,COVID-19,Nation,England,COVID-19_cases_casesByDay,all,all,default,2024,2024-01-29,811.0000,False
infectious_disease,respiratory,COVID-19,Nation,England,COVID-19_cases_casesByDay,all,all,default,2024,2024-01-28,610.0000,False
infectious_disease,respiratory,COVID-19,Nation,England,COVID-19_cases_casesByDay,all,all,default,2024,2024-01-27,524.0000,False
infectious_disease,respiratory,COVID-19,Nation,England,COVID-19_cases_casesByDay,all,all,default,2024,2024-01-26,694.0000,False
infectious_disease,respiratory,COVID-19,Nation,England,COVID-19_cases_casesByDay,all,all,default,2024,2024-01-25,893.0000,False
infectious_disease,respiratory,COVID-19,Nation,England,COVID-19_cases_casesByDay,all,all,default,2024,2024-01-24,897.0000,False
infectious_disease,respiratory,COVID-19,Nation,England,COVID-19_cases_casesByDay,all,all,default,2024,2024-01-23,980.0000,False
infectious_disease,respiratory,COVID-19,Nation,England,COVID-19_cases_casesByDay,all,all,default,2024,2024-01-22,1073.0000,False
infectious_disease,respiratory,COVID-19,Nation,England,COVID-19_cases_casesByDay,all,all,default,2024,2024-01-21,765.0000,False
infectious_disease,respiratory,COVID-19,Nation,England,COVID-19_cases_casesByDay,all,all,default,2024,2024-01-20,684.0000,False
infectious_disease,respiratory,COVID-19,Nation,England,COVID-19_cases_casesByDay,all,all,default,2024,2024-01-19,757.0000,False
infectious_disease,respiratory,COVID-19,Nation,England,COVID-19_cases_casesByDay,all,all,default,2024,2024-01-18,836.0000,False
infectious_disease,respiratory,COVID-19,Nation,England,COVID-19_cases_casesByDay,all,all,default,2024,2024-01-17,853.0000,False
infectious_disease,respiratory,COVID-19,Nation,England,COVID-19_cases_casesByDay,all,all,default,2024,2024-01-16,830.0000,False
infectious_disease,respiratory,COVID-19,Nation,England,COVID-19_cases_casesByDay,all,all,default,2024,2024-01-15,836.0000,False
infectious_disease,respiratory,COVID-19,Nation,England,COVID-19_cases_casesByDay,all,all,default,2024,2024-01-14,707.0000,False
infectious_disease,respiratory,COVID-19,Nation,England,COVID-19_cases_casesByDay,all,all,default,2024,2024-01-13,559.0000,False
infectious_disease,respiratory,COVID-19,Nation,England,COVID-19_cases_casesByDay,all,all,default,2024,2024-01-12,778.0000,False
infectious_disease,respiratory,COVID-19,Nation,England,COVID-19_cases_casesByDay,all,all,default,2024,2024-01-11,835.0000,False
infectious_disease,respiratory,COVID-19,Nation,England,COVID-19_cases_casesByDay,all,all,default,2024,2024-01-10,877.0000,False
infectious_disease,respiratory,COVID-19,Nation,England,COVID-19_cases_casesByDay,all,all,default,2024,2024-01-09,846.0000,False
infectious_disease,respiratory,COVID-19,Nation,England,COVID-19_cases_casesByDay,all,all,default,2024,2024-01-08,974.0000,False
infectious_disease,respiratory,COVID-19,Nation,England,COVID-19_cases_casesByDay,all,all,default,2024,2024-01-07,787.0000,False
infectious_disease,respiratory,COVID-19,Nation,England,COVID-19_cases_casesByDay,all,all,default,2024,2024-01-06,790.0000,False
infectious_disease,respiratory,COVID-19,Nation,England,COVID-19_cases_casesByDay,all,all,default,2024,2024-01-05,939.0000,False
infectious_disease,respiratory,COVID-19,Nation,England,COVID-19_cases_casesByDay,all,all,default,2024,2024-01-04,1107.0000,False
infectious_disease,respiratory,COVID-19,Nation,England,COVID-19_cases_casesByDay,all,all,default,2024,2024-01-03,1272.0000,False
infectious_disease,respiratory,COVID-19,Nation,England,COVID-19_cases_casesByDay,all,all,default,2024,2024-01-02,1395.0000,False
infectious_disease,respiratory,COVID-19,Nation,England,COVID-19_cases_casesByDay,all,all,default,2024,2024-01-01,1080.0000,False
