theme,sub_theme,topic,geography_type,geography,metric,sex,age,stratum,year,date,metric_value
infectious_disease,respiratory,COVID-19,Nation,England,COVID-19_cases_casesByDay,all,all,default,2024,2024-06-12,53.0000
infectious_disease,respiratory,COVID-19,Nation,England,COVID-19_cases_casesByDay,all,all,default,2024,2024-06-11,236.0000
infectious_disease,respiratory,COVID-19,Nation,England,COVID-19_cases_casesByDay,all,all,default,2024,2024-06-10,321.0000
infectious_disease,respiratory,COVID-19,Nation,England,COVID-19_cases_casesByDay,all,all,default,2024,2024-06-09,243.0000
infectious_disease,respiratory,COVID-19,Nation,England,COVID-19_cases_casesByDay,all,all,default,2024,2024-06-08,241.0000
infectious_disease,respiratory,COVID-19,Nation,England,COVID-19_cases_casesByDay,all,all,default,2024,2024-06-07,275.0000
infectious_disease,respiratory,COVID-19,Nation,England,COVID-19_cases_casesByDay,all,all,default,2024,2024-06-06,247.0000
infectious_disease,respiratory,COVID-19,Nation,England,COVID-19_cases_casesByDay,all,all,default,2024,2024-06-05,299.0000
infectious_disease,respiratory,COVID-19,Nation,England,COVID-19_cases_casesByDay,all,all,default,2024,2024-06-04,296.0000
infectious_disease,respiratory,COVID-19,Nation,England,COVID-19_cases_casesByDay,all,all,default,2024,2024-06-03,314.0000
infectious_disease,respiratory,COVID-19,Nation,England,COVID-19_cases_casesByDay,all,all,default,2024,2024-06-02,190.0000
infectious_disease,respiratory,COVID-19,Nation,England,COVID-19_cases_casesByDay,all,all,default,2024,2024-06-01,180.0000
infectious_disease,respiratory,COVID-19,Nation,England,COVID-19_cases_casesByDay,all,all,default,2024,2024-05-31,293.0000
infectious_disease,respiratory,COVID-19,Nation,England,COVID-19_cases_casesByDay,all,all,default,2024,2024-05-30,290.0000
infectious_disease,respiratory,COVID-19,Nation,England,COVID-19_cases_casesByDay,all,all,default,2024,2024-05-29,269.0000
infectious_disease,respiratory,COVID-19,Nation,England,COVID-19_cases_casesByDay,all,all,default,2024,2024-05-28,293.0000
infectious_disease,respiratory,COVID-19,Nation,England,COVID-19_cases_casesByDay,all,all,default,2024,2024-05-27,214.0000
infectious_disease,respiratory,COVID-19,Nation,England,COVID-19_cases_casesByDay,all,all,default,2024,2024-05-26,193.0000
infectious_disease,respiratory,COVID-19,Nation,England,COVID-19_cases_casesByDay,all,all,default,2024,2024-05-25,167.0000
infectious_disease,respiratory,COVID-19,Nation,England,COVID-19_cases_casesByDay,all,all,default,2024,2024-05-24,255.0000
infectious_disease,respiratory,COVID-19,Nation,England,COVID-19_cases_casesByDay,all,all,default,2024,2024-05-23,246.0000
infectious_disease,respiratory,COVID-19,Nation,England,COVID-19_cases_casesByDay,all,all,default,2024,2024-05-22,274.0000
infectious_disease,respiratory,COVID-19,Nation,England,COVID-19_cases_casesByDay,all,all,default,2024,2024-05-21,281.0000
infectious_disease,respiratory,COVID-19,Nation,England,COVID-19_cases_casesByDay,all,all,default,2024,2024-05-20,319.0000
infectious_disease,respiratory,COVID-19,Nation,England,COVID-19_cases_casesByDay,all,all,default,2024,2024-05-19,221.0000
infectious_disease,respiratory,COVID-19,Nation,England,COVID-19_cases_casesByDay,all,all,default,2024,2024-05-18,193.0000
infectious_disease,respiratory,COVID-19,Nation,England,COVID-19_cases_casesByDay,all,all,default,2024,2024-05-17,311.0000
infectious_disease,respiratory,COVID-19,Nation,England,COVID-19_cases_casesByDay,all,all,default,2024,2024-05-16,343.0000
infectious_disease,respiratory,COVID-19,Nation,England,COVID-19_cases_casesByDay,all,all,default,2024,2024-05-15,333.0000
infectious_disease,respiratory,COVID-19,Nation,England,COVID-19_cases_casesByDay,all,all,default,2024,2024-05-14,332.0000
infectious_disease,respiratory,COVID-19,Nation,England,COVID-19_cases_casesByDay,all,all,default,2024,2024-05-13,328.0000
infectious_disease,respiratory,COVID-19,Nation,England,COVID-19_cases_casesByDay,all,all,default,2024,2024-05-12,225.0000
infectious_disease,respiratory,COVID-19,Nation,England,COVID-19_cases_casesByDay,all,all,default,2024,2024-05-11,260.0000
infectious_disease,respiratory,COVID-19,Nation,England,COVID-19_cases_casesByDay,all,all,default,2024,2024-05-10,360.0000
infectious_disease,respiratory,COVID-19,Nation,England,COVID-19_cases_casesByDay,all,all,default,2024,2024-05-09,419.0000
infectious_disease,respiratory,COVID-19,Nation,England,COVID-19_cases_casesByDay,all,all,default,2024,2024-05-08,383.0000
infectious_disease,respiratory,COVID-19,Nation,England,COVID-19_cases_casesByDay,all,all,default,2024,2024-05-07,410.0000
infectious_disease,respiratory,COVID-19,Nation,England,COVID-19_cases_casesByDay,all,all,default,2024,2024-05-06,339.0000
infectious_disease,respiratory,COVID-19,Nation,England,COVID-19_cases_casesByDay,all,all,default,2024,2024-05-05,275.0000
infectious_disease,respiratory,COVID-19,Nation,England,COVID-19_cases_casesByDay,all,all,default,2024,2024-05-04,275.0000
infectious_disease,respiratory,COVID-19,Nation,England,COVID-19_cases_casesByDay,all,all,default,2024,2024-05-03,407.0000
infectious_disease,respiratory,COVID-19,Nation,England,COVID-19_cases_casesByDay,all,all,default,2024,2024-05-02,359.0000
infectious_disease,respiratory,COVID-19,Nation,England,COVID-19_cases_casesByDay,all,all,default,2024,2024-05-01,396.0000
infectious_disease,respiratory,COVID-19,Nation,England,COVID-19_cases_casesByDay,all,all,default,2024,2024-04-30,374.0000
infectious_disease,respiratory,COVID-19,Nation,England,COVID-19_cases_casesByDay,all,all,default,2024,2024-04-29,339.0000
infectious_disease,respiratory,COVID-19,Nation,England,COVID-19_cases_casesByDay,all,all,default,2024,2024-04-28,177.0000
infectious_disease,respiratory,COVID-19,Nation,England,COVID-19_cases_casesByDay,all,all,default,2024,2024-04-27,194.0000
infectious_disease,respiratory,COVID-19,Nation,England,COVID-19_cases_casesByDay,all,all,default,2024,2024-04-26,275.0000
infectious_disease,respiratory,COVID-19,Nation,England,COVID-19_cases_casesByDay,all,all,default,2024,2024-04-25,281.0000
infectious_disease,respiratory,COVID-19,Nation,England,COVID-19_cases_casesByDay,all,all,default,2024,2024-04-24,293.0000
infectious_disease,respiratory,COVID-19,Nation,England,COVID-19_cases_casesByDay,all,all,default,2024,2024-04-23,273.0000
infectious_disease,respiratory,COVID-19,Nation,England,COVID-19_cases_casesByDay,all,all,default,2024,2024-04-22,263.0000
infectious_disease,respiratory,COVID-19,Nation,England,COVID-19_cases_casesByDay,all,all,default,2024,2024-04-21,170.0000
infectious_disease,respiratory,COVID-19,Nation,England,COVID-19_cases_casesByDay,all,all,default,2024,2024-04-20,143.0000
infectious_disease,respiratory,COVID-19,Nation,England,COVID-19_cases_casesByDay,all,all,default,2024,2024-04-19,207.0000
infectious_disease,respiratory,COVID-19,Nation,England,COVID-19_cases_casesByDay,all,all,default,2024,2024-04-18,234.0000
infectious_disease,respiratory,COVID-19,Nation,England,COVID-19_cases_casesByDay,all,all,default,2024,2024-04-17,222.0000
infectious_disease,respiratory,COVID-19,Nation,England,COVID-19_cases_casesByDay,all,all,default,2024,2024-04-16,190.0000
infectious_disease,respiratory,COVID-19,Nation,England,COVID-19_cases_casesByDay,all,all,default,2024,2024-04-15,215.0000
infectious_disease,respiratory,COVID-19,Nation,England,COVID-19_cases_casesByDay,all,all,default,2024,2024-04-14,139.0000
infectious_disease,respiratory,COVID-19,Nation,England,COVID-19_cases_casesByDay,all,all,default,2024,2024-04-13,137.0000
infectious_disease,respiratory,COVID-19,Nation,England,COVID-19_cases_casesByDay,all,all,default,2024,2024-04-12,215.0000
infectious_disease,respiratory,COVID-19,Nation,England,COVID-19_cases_casesByDay,all,all,default,2024,2024-04-11,185.0000
infectious_disease,respiratory,COVID-19,Nation,England,COVID-19_cases_casesByDay,all,all,default,2024,2024-04-10,160.0000
infectious_disease,respiratory,COVID-19,Nation,England,COVID-19_cases_casesByDay,all,all,default,2024,2024-04-09,184.0000
infectious_disease,respiratory,COVID-19,Nation,England,COVID-19_cases_casesByDay,all,all,default,2024,2024-04-08,217.0000
infectious_disease,respiratory,COVID-19,Nation,England,COVID-19_cases_casesByDay,all,all,default,2024,2024-04-07,154.0000
infectious_disease,respiratory,COVID-19,Nation,England,COVID-19_cases_casesByDay,all,all,default,2024,2024-04-06,142.0000
infectious_disease,respiratory,COVID-19,Nation,England,COVID-19_cases_casesByDay,all,all,default,2024,2024-04-05,201.0000
infectious_disease,respiratory,COVID-19,Nation,England,COVID-19_cases_casesByDay,all,all,default,2024,2024-04-04,199.0000
infectious_disease,respiratory,COVID-19,Nation,England,COVID-19_cases_casesByDay,all,all,default,2024,2024-04-03,202.0000
infectious_disease,respiratory,COVID-19,Nation,England,COVID-19_cases_casesByDay,all,all,default,2024,2024-04-02,251.0000
infectious_disease,respiratory,COVID-19,Nation,England,COVID-19_cases_casesByDay,all,all,default,2024,2024-04-01,180.0000
infectious_disease,respiratory,COVID-19,Nation,England,COVID-19_cases_casesByDay,all,all,default,2024,2024-03-31,145.0000
infectious_disease,respiratory,COVID-19,Nation,England,COVID-19_cases_casesByDay,all,all,default,2024,2024-03-30,131.0000
infectious_disease,respiratory,COVID-19,Nation,England,COVID-19_cases_casesByDay,all,all,default,2024,2024-03-29,167.0000
infectious_disease,respiratory,COVID-19,Nation,England,COVID-19_cases_casesByDay,all,all,default,2024,2024-03-28,201.0000
infectious_disease,respiratory,COVID-19,Nation,England,COVID-19_cases_casesByDay,all,all,default,2024,2024-03-27,187.0000
infectious_disease,respiratory,COVID-19,Nation,England,COVID-19_cases_casesByDay,all,all,default,2024,2024-03-26,182.0000
infectious_disease,respiratory,COVID-19,Nation,England,COVID-19_cases_casesByDay,all,all,default,2024,2024-03-25,194.0000
infectious_disease,respiratory,COVID-19,Nation,England,COVID-19_cases_casesByDay,all,all,default,2024,2024-03-24,149.0000
infectious_disease,respiratory,COVID-19,Nation,England,COVID-19_cases_casesByDay,all,all,default,2024,2024-03-23,126.0000
infectious_disease,respiratory,COVID-19,Nation,England,COVID-19_cases_casesByDay,all,all,default,2024,2024-03-22,195.0000
infectious_disease,respiratory,COVID-19,Nation,England,COVID-19_cases_casesByDay,all,all,default,2024,2024-03-21,171.0000
infectious_disease,respiratory,COVID-19,Nation,England,COVID-19_cases_casesByDay,all,all,default,2024,2024-03-20,165.0000
infectious_disease,respiratory,COVID-19,Nation,England,COVID-19_cases_casesByDay,all,all,default,2024,2024-03-19,225.0000
infectious_disease,respiratory,COVID-19,Nation,England,COVID-19_cases_casesByDay,all,all,default,2024,2024-03-18,224.0000
infectious_disease,respiratory,COVID-19,Nation,England,COVID-19_cases_casesByDay,all,all,default,2024,2024-03-17,135.0000
infectious_disease,respiratory,COVID-19,Nation,England,COVID-19_cases_casesByDay,all,all,default,2024,2024-03-16,128.0000
infectious_disease,respiratory,COVID-19,Nation,England,COVID-19_cases_casesByDay,all,all,default,2024,2024-03-15,223.0000
infectious_disease,respiratory,COVID-19,Nation,England,COVID-19_cases_casesByDay,all,all,default,2024,2024-03-14,229.0000
infectious_disease,respiratory,COVID-19,Nation,England,COVID-19_cases_casesByDay,all,all,default,2024,2024-03-13,266.0000
infectious_disease,respiratory,COVID-19,Nation,England,COVID-19_cases_casesByDay,all,all,default,2024,2024-03-12,219.0000
infectious_disease,respiratory,COVID-19,Nation,England,COVID-19_cases_casesByDay,all,all,default,2024,2024-03-11,235.0000
infectious_disease,respiratory,COVID-19,Nation,England,COVID-19_cases_casesByDay,all,all,default,2024,2024-03-10,162.0000
infectious_disease,respiratory,COVID-19,Nation,England,COVID-19_cases_casesByDay,all,all,default,2024,2024-03-09,134.0000
infectious_disease,respiratory,COVID-19,Nation,England,COVID-19_cases_casesByDay,all,all,default,2024,2024-03-08,170.0000
infectious_disease,respiratory,COVID-19,Nation,England,COVID-19_cases_casesByDay,all,all,default,2024,2024-03-07,225.0000
infectious_disease,respiratory,COVID-19,Nation,England,COVID-19_cases_casesByDay,all,all,default,2024,2024-03-06,193.0000
infectious_disease,respiratory,COVID-19,Nation,England,COVID-19_cases_casesByDay,all,all,default,2024,2024-03-05,213.0000
infectious_disease,respiratory,COVID-19,Nation,England,COVID-19_cases_casesByDay,all,all,default,2024,2024-03-04,221.0000
infectious_disease,respiratory,COVID-19,Nation,England,COVID-19_cases_casesByDay,all,all,default,2024,2024-03-03,135.0000
infectious_disease,respiratory,COVID-19,Nation,England,COVID-19_cases_casesByDay,all,all,default,2024,2024-03-02,145.0000
infectious_disease,respiratory,COVID-19,Nation,England,COVID-19_cases_casesByDay,all,all,default,2024,2024-03-01,196.0000
infectious_disease,respiratory,COVID-19,Nation,England,COVID-19_cases_casesByDay,all,all,default,2024,2024-02-29,194.0000
infectious_disease,respiratory,COVID-19,Nation,England,COVID-19_cases_casesByDay,all,all,default,2024,2024-02-28,154.0000
infectious_disease,respiratory,COVID-19,Nation,England,COVID-19_cases_casesByDay,all,all,default,2024,2024-02-27,205.0000
infectious_disease,respiratory,COVID-19,Nation,England,COVID-19_cases_casesByDay,all,all,default,2024,2024-02-26,182.0000
infectious_disease,respiratory,COVID-19,Nation,England,COVID-19_cases_casesByDay,all,all,default,2024,2024-02-25,139.0000
infectious_disease,respiratory,COVID-19,Nation,England,COVID-19_cases_casesByDay,all,all,default,2024,2024-02-24,181.0000
infectious_disease,respiratory,COVID-19,Nation,England,COVID-19_cases_casesByDay,all,all,default,2024,2024-02-23,219.0000
infectious_disease,respiratory,COVID-19,Nation,England,COVID-19_cases_casesByDay,all,all,default,2024,2024-02-22,248.0000
infectious_disease,respiratory,COVID-19,Nation,England,COVID-19_cases_casesByDay,all,all,default,2024,2024-02-21,277.0000
infectious_disease,respiratory,COVID-19,Nation,England,COVID-19_cases_casesByDay,all,all,default,2024,2024-02-20,255.0000
infectious_disease,respiratory,COVID-19,Nation,England,COVID-19_cases_casesByDay,all,all,default,2024,2024-02-19,257.0000
infectious_disease,respiratory,COVID-19,Nation,England,COVID-19_cases_casesByDay,all,all,default,2024,2024-02-18,209.0000
infectious_disease,respiratory,COVID-19,Nation,England,COVID-19_cases_casesByDay,all,all,default,2024,2024-02-17,240.0000
infectious_disease,respiratory,COVID-19,Nation,England,COVID-19_cases_casesByDay,all,all,default,2024,2024-02-16,363.0000
infectious_disease,respiratory,COVID-19,Nation,England,COVID-19_cases_casesByDay,all,all,default,2024,2024-02-15,320.0000
infectious_disease,respiratory,COVID-19,Nation,England,COVID-19_cases_casesByDay,all,all,default,2024,2024-02-14,390.0000
infectious_disease,respiratory,COVID-19,Nation,England,COVID-19_cases_casesByDay,all,all,default,2024,2024-02-13,413.0000
infectious_disease,respiratory,COVID-19,Nation,England,COVID-19_cases_casesByDay,all,all,default,2024,2024-02-12,432.0000
infectious_disease,respiratory,COVID-19,Nation,England,COVID-19_cases_casesByDay,all,all,default,2024,2024-02-11,367.0000
infectious_disease,respiratory,COVID-19,Nation,England,COVID-19_cases_casesByDay,all,all,default,2024,2024-02-10,356.0000
infectious_disease,respiratory,COVID-19,Nation,England,COVID-19_cases_casesByDay,all,all,default,2024,2024-02-09,447.0000
infectious_disease,respiratory,COVID-19,Nation,England,COVID-19_cases_casesByDay,all,all,default,2024,2024-02-08,481.0000
infectious_disease,respiratory,COVID-19,Nation,England,COVID-19_cases_casesByDay,all,all,default,2024,2024-02-07,542.0000
infectious_disease,respiratory,COVID-19,Nation,England,COVID-19_cases_casesByDay,all,all,default,2024,2024-02-06,595.0000
infectious_disease,respiratory,COVID-19,Nation,England,COVID-19_cases_casesByDay,all,all,default,2024,2024-02-05,674.0000
infectious_disease,respiratory,COVID-19,Nation,England,COVID-19_cases_casesByDay,all,all,default,2024,2024-02-04,517.0000
infectious_disease,respiratory,COVID-19,Nation,England,COVID-19_cases_casesByDay,all,all,default,2024,2024-02-03,480.0000
infectious_disease,respiratory,COVID-19,Nation,England,COVID-19_cases_casesByDay,all,all,default,2024,2024-02-02,535.0000
infectious_disease,respiratory,COVID-19,Nation,England,COVID-19_cases_casesByDay,all,all,default,2024,2024-02-01,640.0000
infectious_disease,respiratory,COVID-19,Nation,England,COVID-19_cases_casesByDay,all,all,default,2024,2024-01-31,718.0000
infectious_disease,respiratory,COVID-19,Nation,England,COVID-19_cases_casesByDay,all,all,default,2024,2024-01-30,756.0000
infectious_disease,respiratory,COVID-19,Nation,England,COVID-19_cases_casesByDay,all,all,default,2024,2024-01-29,808.0000
infectious_disease,respiratory,COVID-19,Nation,England,COVID-19_cases_casesByDay,all,all,default,2024,2024-01-28,608.0000
infectious_disease,respiratory,COVID-19,Nation,England,COVID-19_cases_casesByDay,all,all,default,2024,2024-01-27,522.0000
infectious_disease,respiratory,COVID-19,Nation,England,COVID-19_cases_casesByDay,all,all,default,2024,2024-01-26,691.0000
infectious_disease,respiratory,COVID-19,Nation,England,COVID-19_cases_casesByDay,all,all,default,2024,2024-01-25,882.0000
infectious_disease,respiratory,COVID-19,Nation,England,COVID-19_cases_casesByDay,all,all,default,2024,2024-01-24,892.0000
infectious_disease,respiratory,COVID-19,Nation,England,COVID-19_cases_casesByDay,all,all,default,2024,2024-01-23,975.0000
infectious_disease,respiratory,COVID-19,Nation,England,COVID-19_cases_casesByDay,all,all,default,2024,2024-01-22,1071.0000
infectious_disease,respiratory,COVID-19,Nation,England,COVID-19_cases_casesByDay,all,all,default,2024,2024-01-21,765.0000
infectious_disease,respiratory,COVID-19,Nation,England,COVID-19_cases_casesByDay,all,all,default,2024,2024-01-20,681.0000
infectious_disease,respiratory,COVID-19,Nation,England,COVID-19_cases_casesByDay,all,all,default,2024,2024-01-19,754.0000
infectious_disease,respiratory,COVID-19,Nation,England,COVID-19_cases_casesByDay,all,all,default,2024,2024-01-18,833.0000
infectious_disease,respiratory,COVID-19,Nation,England,COVID-19_cases_casesByDay,all,all,default,2024,2024-01-17,851.0000
infectious_disease,respiratory,COVID-19,Nation,England,COVID-19_cases_casesByDay,all,all,default,2024,2024-01-16,829.0000
infectious_disease,respiratory,COVID-19,Nation,England,COVID-19_cases_casesByDay,all,all,default,2024,2024-01-15,834.0000
infectious_disease,respiratory,COVID-19,Nation,England,COVID-19_cases_casesByDay,all,all,default,2024,2024-01-14,705.0000
infectious_disease,respiratory,COVID-19,Nation,England,COVID-19_cases_casesByDay,all,all,default,2024,2024-01-13,555.0000
infectious_disease,respiratory,COVID-19,Nation,England,COVID-19_cases_casesByDay,all,all,default,2024,2024-01-12,770.0000
infectious_disease,respiratory,COVID-19,Nation,England,COVID-19_cases_casesByDay,all,all,default,2024,2024-01-11,836.0000
infectious_disease,respiratory,COVID-19,Nation,England,COVID-19_cases_casesByDay,all,all,default,2024,2024-01-10,877.0000
infectious_disease,respiratory,COVID-19,Nation,England,COVID-19_cases_casesByDay,all,all,default,2024,2024-01-09,845.0000
infectious_disease,respiratory,COVID-19,Nation,England,COVID-19_cases_casesByDay,all,all,default,2024,2024-01-08,973.0000
infectious_disease,respiratory,COVID-19,Nation,England,COVID-19_cases_casesByDay,all,all,default,2024,2024-01-07,783.0000
infectious_disease,respiratory,COVID-19,Nation,England,COVID-19_cases_casesByDay,all,all,default,2024,2024-01-06,789.0000
infectious_disease,respiratory,COVID-19,Nation,England,COVID-19_cases_casesByDay,all,all,default,2024,2024-01-05,935.0000
infectious_disease,respiratory,COVID-19,Nation,England,COVID-19_cases_casesByDay,all,all,default,2024,2024-01-04,1101.0000
infectious_disease,respiratory,COVID-19,Nation,England,COVID-19_cases_casesByDay,all,all,default,2024,2024-01-03,1266.0000
infectious_disease,respiratory,COVID-19,Nation,England,COVID-19_cases_casesByDay,all,all,default,2024,2024-01-02,1392.0000
infectious_disease,respiratory,COVID-19,Nation,England,COVID-19_cases_casesByDay,all,all,default,2024,2024-01-01,1077.0000
infectious_disease,respiratory,COVID-19,Nation,England,COVID-19_cases_casesByDay,all,all,default,2023,2023-12-31,1164.0000
infectious_disease,respiratory,COVID-19,Nation,England,COVID-19_cases_casesByDay,all,all,default,2023,2023-12-30,1152.0000
infectious_disease,respiratory,COVID-19,Nation,England,COVID-19_cases_casesByDay,all,all,default,2023,2023-12-29,1382.0000
infectious_disease,respiratory,COVID-19,Nation,England,COVID-19_cases_casesByDay,all,all,default,2023,2023-12-28,1483.0000
infectious_disease,respiratory,COVID-19,Nation,England,COVID-19_cases_casesByDay,all,all,default,2023,2023-12-27,1449.0000
infectious_disease,respiratory,COVID-19,Nation,England,COVID-19_cases_casesByDay,all,all,default,2023,2023-12-26,1174.0000
infectious_disease,respiratory,COVID-19,Nation,England,COVID-19_cases_casesByDay,all,all,default,2023,2023-12-25,860.0000
infectious_disease,respiratory,COVID-19,Nation,England,COVID-19_cases_casesByDay,all,all,default,2023,2023-12-24,1039.0000
infectious_disease,respiratory,COVID-19,Nation,England,COVID-19_cases_casesByDay,all,all,default,2023,2023-12-23,977.0000
infectious_disease,respiratory,COVID-19,Nation,England,COVID-19_cases_casesByDay,all,all,default,2023,2023-12-22,1219.0000
infectious_disease,respiratory,COVID-19,Nation,England,COVID-19_cases_casesByDay,all,all,default,2023,2023-12-21,1385.0000
infectious_disease,respiratory,COVID-19,Nation,England,COVID-19_cases_casesByDay,all,all,default,2023,2023-12-20,1427.0000
infectious_disease,respiratory,COVID-19,Nation,England,COVID-19_cases_casesByDay,all,all,default,2023,2023-12-19,1467.0000
infectious_disease,respiratory,COVID-19,Nation,England,COVID-19_cases_casesByDay,all,all,default,2023,2023-12-18,1592.0000
infectious_disease,respiratory,COVID-19,Nation,England,COVID-19_cases_casesByDay,all,all,default,2023,2023-12-17,1228.0000
infectious_disease,respiratory,COVID-19,Nation,England,COVID-19_cases_casesByDay,all,all,default,2023,2023-12-16,907.0000
infectious_disease,respiratory,COVID-19,Nation,England,COVID-19_cases_casesByDay,all,all,default,2023,2023-12-15,1118.0000
infectious_disease,respiratory,COVID-19,Nation,England,COVID-19_cases_casesByDay,all,all,default,2023,2023-12-14,1077.0000
infectious_disease,respiratory,COVID-19,Nation,England,COVID-19_cases_casesByDay,all,all,default,2023,2023-12-13,1204.0000
infectious_disease,respiratory,COVID-19,Nation,England,COVID-19_cases_casesByDay,all,all,default,2023,2023-12-12,1283.0000
infectious_disease,respiratory,COVID-19,Nation,England,COVID-19_cases_casesByDay,all,all,default,2023,2023-12-11,1261.0000
infectious_disease,respiratory,COVID-19,Nation,England,COVID-19_cases_casesByDay,all,all,default,2023,2023-12-10,992.0000
infectious_disease,respiratory,COVID-19,Nation,England,COVID-19_cases_casesByDay,all,all,default,2023,2023-12-09,800.0000
infectious_disease,respiratory,COVID-19,Nation,England,COVID-19_cases_casesByDay,all,all,default,2023,2023-12-08,924.0000
infectious_disease,respiratory,COVID-19,Nation,England,COVID-19_cases_casesByDay,all,all,default,2023,2023-12-07,836.0000
infectious_disease,respiratory,COVID-19,Nation,England,COVID-19_cases_casesByDay,all,all,default,2023,2023-12-06,963.0000
infectious_disease,respiratory,COVID-19,Nation,England,COVID-19_cases_casesByDay,all,all,default,2023,2023-12-05,965.0000
infectious_disease,respiratory,COVID-19,Nation,England,COVID-19_cases_casesByDay,all,all,default,2023,2023-12-04,966.0000
infectious_disease,respiratory,COVID-19,Nation,England,COVID-19_cases_casesByDay,all,all,default,2023,2023-12-03,703.0000
infectious_disease,respiratory,COVID-19,Nation,England,COVID-19_cases_casesByDay,all,all,default,2023,2023-12-02,523.0000
infectious_disease,respiratory,COVID-19,Nation,England,COVID-19_cases_casesByDay,all,all,default,2023,2023-12-01,557.0000
infectious_disease,respiratory,COVID-19,Nation,England,COVID-19_cases_casesByDay,all,all,default,2023,2023-11-30,667.0000
infectious_disease,respiratory,COVID-19,Nation,England,COVID-19_cases_casesByDay,all,all,default,2023,2023-11-29,737.0000
infectious_disease,respiratory,COVID-19,Nation,England,COVID-19_cases_casesByDay,all,all,default,2023,2023-11-28,692.0000
infectious_disease,respiratory,COVID-19,Nation,England,COVID-19_cases_casesByDay,all,all,default,2023,2023-11-27,695.0000
infectious_disease,respiratory,COVID-19,Nation,England,COVID-19_cases_casesByDay,all,all,default,2023,2023-11-26,507.0000
infectious_disease,respiratory,COVID-19,Nation,England,COVID-19_cases_casesByDay,all,all,default,2023,2023-11-25,429.0000
infectious_disease,respiratory,COVID-19,Nation,England,COVID-19_cases_casesByDay,all,all,default,2023,2023-11-24,547.0000
infectious_disease,respiratory,COVID-19,Nation,England,COVID-19_cases_casesByDay,all,all,default,2023,2023-11-23,567.0000
infectious_disease,respiratory,COVID-19,Nation,England,COVID-19_cases_casesByDay,all,all,default,2023,2023-11-22,614.0000
infectious_disease,respiratory,COVID-19,Nation,England,COVID-19_cases_casesByDay,all,all,default,2023,2023-11-21,592.0000
infectious_disease,respiratory,COVID-19,Nation,England,COVID-19_cases_casesByDay,all,all,default,2023,2023-11-20,702.0000
infectious_disease,respiratory,COVID-19,Nation,England,COVID-19_cases_casesByDay,all,all,default,2023,2023-11-19,557.0000
infectious_disease,respiratory,COVID-19,Nation,England,COVID-19_cases_casesByDay,all,all,default,2023,2023-11-18,452.0000
infectious_disease,respiratory,COVID-19,Nation,England,COVID-19_cases_casesByDay,all,all,default,2023,2023-11-17,514.0000
infectious_disease,respiratory,COVID-19,Nation,England,COVID-19_cases_casesByDay,all,all,default,2023,2023-11-16,670.0000
infectious_disease,respiratory,COVID-19,Nation,England,COVID-19_cases_casesByDay,all,all,default,2023,2023-11-15,632.0000
infectious_disease,respiratory,COVID-19,Nation,England,COVID-19_cases_casesByDay,all,all,default,2023,2023-11-14,766.0000
infectious_disease,respiratory,COVID-19,Nation,England,COVID-19_cases_casesByDay,all,all,default,2023,2023-11-13,745.0000
infectious_disease,respiratory,COVID-19,Nation,England,COVID-19_cases_casesByDay,all,all,default,2023,2023-11-12,602.0000
infectious_disease,respiratory,COVID-19,Nation,England,COVID-19_cases_casesByDay,all,all,default,2023,2023-11-11,297.0000
infectious_disease,respiratory,COVID-19,Nation,England,COVID-19_cases_casesByDay,all,all,default,2023,2023-11-10,281.0000
infectious_disease,respiratory,COVID-19,Nation,England,COVID-19_cases_casesByDay,all,all,default,2023,2023-11-09,499.0000
infectious_disease,respiratory,COVID-19,Nation,England,COVID-19_cases_casesByDay,all,all,default,2023,2023-11-08,699.0000
infectious_disease,respiratory,COVID-19,Nation,England,COVID-19_cases_casesByDay,all,all,default,2023,2023-11-07,818.0000
infectious_disease,respiratory,COVID-19,Nation,England,COVID-19_cases_casesByDay,all,all,default,2023,2023-11-06,784.0000
infectious_disease,respiratory,COVID-19,Nation,England,COVID-19_cases_casesByDay,all,all,default,2023,2023-11-05,685.0000
infectious_disease,respiratory,COVID-19,Nation,England,COVID-19_cases_casesByDay,all,all,default,2023,2023-11-04,594.0000
infectious_disease,respiratory,COVID-19,Nation,England,COVID-19_cases_casesByDay,all,all,default,2023,2023-11-03,737.0000
infectious_disease,respiratory,COVID-19,Nation,England,COVID-19_cases_casesByDay,all,all,default,2023,2023-11-02,815.0000
infectious_disease,respiratory,COVID-19,Nation,England,COVID-19_cases_casesByDay,all,all,default,2023,2023-11-01,880.0000
infectious_disease,respiratory,COVID-19,Nation,England,COVID-19_cases_casesByDay,all,all,default,2023,2023-10-31,959.0000
infectious_disease,respiratory,COVID-19,Nation,England,COVID-19_cases_casesByDay,all,all,default,2023,2023-10-30,1013.0000
infectious_disease,respiratory,COVID-19,Nation,England,COVID-19_cases_casesByDay,all,all,default,2023,2023-10-29,848.0000
infectious_disease,respiratory,COVID-19,Nation,England,COVID-19_cases_casesByDay,all,all,default,2023,2023-10-28,738.0000
infectious_disease,respiratory,COVID-19,Nation,England,COVID-19_cases_casesByDay,all,all,default,2023,2023-10-27,934.0000
infectious_disease,respiratory,COVID-19,Nation,England,COVID-19_cases_casesByDay,all,all,default,2023,2023-10-26,1016.0000
infectious_disease,respiratory,COVID-19,Nation,England,COVID-19_cases_casesByDay,all,all,default,2023,2023-10-25,1020.0000
infectious_disease,respiratory,COVID-19,Nation,England,COVID-19_cases_casesByDay,all,all,default,2023,2023-10-24,1154.0000
infectious_disease,respiratory,COVID-19,Nation,England,COVID-19_cases_casesByDay,all,all,default,2023,2023-10-23,1179.0000
infectious_disease,respiratory,COVID-19,Nation,England,COVID-19_cases_casesByDay,all,all,default,2023,2023-10-22,991.0000
infectious_disease,respiratory,COVID-19,Nation,England,COVID-19_cases_casesByDay,all,all,default,2023,2023-10-21,871.0000
infectious_disease,respiratory,COVID-19,Nation,England,COVID-19_cases_casesByDay,all,all,default,2023,2023-10-20,1149.0000
infectious_disease,respiratory,COVID-19,Nation,England,COVID-19_cases_casesByDay,all,all,default,2023,2023-10-19,1323.0000
infectious_disease,respiratory,COVID-19,Nation,England,COVID-19_cases_casesByDay,all,all,default,2023,2023-10-18,1397.0000
infectious_disease,respiratory,COVID-19,Nation,England,COVID-19_cases_casesByDay,all,all,default,2023,2023-10-17,1412.0000
infectious_disease,respiratory,COVID-19,Nation,England,COVID-19_cases_casesByDay,all,all,default,2023,2023-10-16,1447.0000
infectious_disease,respiratory,COVID-19,Nation,England,COVID-19_cases_casesByDay,all,all,default,2023,2023-10-15,1219.0000
infectious_disease,respiratory,COVID-19,Nation,England,COVID-19_cases_casesByDay,all,all,default,2023,2023-10-14,1120.0000
infectious_disease,respiratory,COVID-19,Nation,England,COVID-19_cases_casesByDay,all,all,default,2023,2023-10-13,1467.0000
infectious_disease,respiratory,COVID-19,Nation,England,COVID-19_cases_casesByDay,all,all,default,2023,2023-10-12,1542.0000
infectious_disease,respiratory,COVID-19,Nation,England,COVID-19_cases_casesByDay,all,all,default,2023,2023-10-11,1895.0000
infectious_disease,respiratory,COVID-19,Nation,England,COVID-19_cases_casesByDay,all,all,default,2023,2023-10-10,2027.0000
infectious_disease,respiratory,COVID-19,Nation,England,COVID-19_cases_casesByDay,all,all,default,2023,2023-10-09,2235.0000
infectious_disease,respiratory,COVID-19,Nation,England,COVID-19_cases_casesByDay,all,all,default,2023,2023-10-08,2069.0000
infectious_disease,respiratory,COVID-19,Nation,England,COVID-19_cases_casesByDay,all,all,default,2023,2023-10-07,1668.0000
infectious_disease,respiratory,COVID-19,Nation,England,COVID-19_cases_casesByDay,all,all,default,2023,2023-10-06,2116.0000
infectious_disease,respiratory,COVID-19,Nation,England,COVID-19_cases_casesByDay,all,all,default,2023,2023-10-05,2255.0000
infectious_disease,respiratory,COVID-19,Nation,England,COVID-19_cases_casesByDay,all,all,default,2023,2023-10-04,2447.0000
infectious_disease,respiratory,COVID-19,Nation,England,COVID-19_cases_casesByDay,all,all,default,2023,2023-10-03,2658.0000
infectious_disease,respiratory,COVID-19,Nation,England,COVID-19_cases_casesByDay,all,all,default,2023,2023-10-02,2645.0000
infectious_disease,respiratory,COVID-19,Nation,England,COVID-19_cases_casesByDay,all,all,default,2023,2023-10-01,2360.0000
infectious_disease,respiratory,COVID-19,Nation,England,COVID-19_cases_casesByDay,all,all,default,2023,2023-09-30,1928.0000
infectious_disease,respiratory,COVID-19,Nation,England,COVID-19_cases_casesByDay,all,all,default,2023,2023-09-29,2125.0000
infectious_disease,respiratory,COVID-19,Nation,England,COVID-19_cases_casesByDay,all,all,default,2023,2023-09-28,2319.0000
infectious_disease,respiratory,COVID-19,Nation,England,COVID-19_cases_casesByDay,all,all,default,2023,2023-09-27,2669.0000
infectious_disease,respiratory,COVID-19,Nation,England,COVID-19_cases_casesByDay,all,all,default,2023,2023-09-26,2698.0000
infectious_disease,respiratory,COVID-19,Nation,England,COVID-19_cases_casesByDay,all,all,default,2023,2023-09-25,2563.0000
infectious_disease,respiratory,COVID-19,Nation,England,COVID-19_cases_casesByDay,all,all,default,2023,2023-09-24,2009.0000
infectious_disease,respiratory,COVID-19,Nation,England,COVID-19_cases_casesByDay,all,all,default,2023,2023-09-23,1555.0000
infectious_disease,respiratory,COVID-19,Nation,England,COVID-19_cases_casesByDay,all,all,default,2023,2023-09-22,1682.0000
infectious_disease,respiratory,COVID-19,Nation,England,COVID-19_cases_casesByDay,all,all,default,2023,2023-09-21,1825.0000
infectious_disease,respiratory,COVID-19,Nation,England,COVID-19_cases_casesByDay,all,all,default,2023,2023-09-20,1893.0000
infectious_disease,respiratory,COVID-19,Nation,England,COVID-19_cases_casesByDay,all,all,default,2023,2023-09-19,1951.0000
infectious_disease,respiratory,COVID-19,Nation,England,COVID-19_cases_casesByDay,all,all,default,2023,2023-09-18,1929.0000
infectious_disease,respiratory,COVID-19,Nation,England,COVID-19_cases_casesByDay,all,all,default,2023,2023-09-17,1605.0000
infectious_disease,respiratory,COVID-19,Nation,England,COVID-19_cases_casesByDay,all,all,default,2023,2023-09-16,1318.0000
infectious_disease,respiratory,COVID-19,Nation,England,COVID-19_cases_casesByDay,all,all,default,2023,2023-09-15,1342.0000
infectious_disease,respiratory,COVID-19,Nation,England,COVID-19_cases_casesByDay,all,all,default,2023,2023-09-14,1532.0000
infectious_disease,respiratory,COVID-19,Nation,England,COVID-19_cases_casesByDay,all,all,default,2023,2023-09-13,1523.0000
infectious_disease,respiratory,COVID-19,Nation,England,COVID-19_cases_casesByDay,all,all,default,2023,2023-09-12,1675.0000
infectious_disease,respiratory,COVID-19,Nation,England,COVID-19_cases_casesByDay,all,all,default,2023,2023-09-11,1824.0000
infectious_disease,respiratory,COVID-19,Nation,England,COVID-19_cases_casesByDay,all,all,default,2023,2023-09-10,1580.0000
infectious_disease,respiratory,COVID-19,Nation,England,COVID-19_cases_casesByDay,all,all,default,2023,2023-09-09,1334.0000
infectious_disease,respiratory,COVID-19,Nation,England,COVID-19_cases_casesByDay,all,all,default,2023,2023-09-08,1549.0000
infectious_disease,respiratory,COVID-19,Nation,England,COVID-19_cases_casesByDay,all,all,default,2023,2023-09-07,1711.0000
infectious_disease,respiratory,COVID-19,Nation,England,COVID-19_cases_casesByDay,all,all,default,2023,2023-09-06,1860.0000
infectious_disease,respiratory,COVID-19,Nation,England,COVID-19_cases_casesByDay,all,all,default,2023,2023-09-05,1891.0000
infectious_disease,respiratory,COVID-19,Nation,England,COVID-19_cases_casesByDay,all,all,default,2023,2023-09-04,1969.0000
infectious_disease,respiratory,COVID-19,Nation,England,COVID-19_cases_casesByDay,all,all,default,2023,2023-09-03,1637.0000
infectious_disease,respiratory,COVID-19,Nation,England,COVID-19_cases_casesByDay,all,all,default,2023,2023-09-02,1327.0000
infectious_disease,respiratory,COVID-19,Nation,England,COVID-19_cases_casesByDay,all,all,default,2023,2023-09-01,1513.0000
infectious_disease,respiratory,COVID-19,Nation,England,COVID-19_cases_casesByDay,all,all,default,2023,2023-08-31,1446.0000
infectious_disease,respiratory,COVID-19,Nation,England,COVID-19_cases_casesByDay,all,all,default,2023,2023-08-30,1488.0000
infectious_disease,respiratory,COVID-19,Nation,England,COVID-19_cases_casesByDay,all,all,default,2023,2023-08-29,1368.0000
infectious_disease,respiratory,COVID-19,Nation,England,COVID-19_cases_casesByDay,all,all,default,2023,2023-08-28,1089.0000
infectious_disease,respiratory,COVID-19,Nation,England,COVID-19_cases_casesByDay,all,all,default,2023,2023-08-27,901.0000
infectious_disease,respiratory,COVID-19,Nation,England,COVID-19_cases_casesByDay,all,all,default,2023,2023-08-26,856.0000
infectious_disease,respiratory,COVID-19,Nation,England,COVID-19_cases_casesByDay,all,all,default,2023,2023-08-25,983.0000
infectious_disease,respiratory,COVID-19,Nation,England,COVID-19_cases_casesByDay,all,all,default,2023,2023-08-24,1098.0000
infectious_disease,respiratory,COVID-19,Nation,England,COVID-19_cases_casesByDay,all,all,default,2023,2023-08-23,1096.0000
infectious_disease,respiratory,COVID-19,Nation,England,COVID-19_cases_casesByDay,all,all,default,2023,2023-08-22,1177.0000
infectious_disease,respiratory,COVID-19,Nation,England,COVID-19_cases_casesByDay,all,all,default,2023,2023-08-21,1181.0000
infectious_disease,respiratory,COVID-19,Nation,England,COVID-19_cases_casesByDay,all,all,default,2023,2023-08-20,963.0000
infectious_disease,respiratory,COVID-19,Nation,England,COVID-19_cases_casesByDay,all,all,default,2023,2023-08-19,849.0000
infectious_disease,respiratory,COVID-19,Nation,England,COVID-19_cases_casesByDay,all,all,default,2023,2023-08-18,991.0000
infectious_disease,respiratory,COVID-19,Nation,England,COVID-19_cases_casesByDay,all,all,default,2023,2023-08-17,1047.0000
infectious_disease,respiratory,COVID-19,Nation,England,COVID-19_cases_casesByDay,all,all,default,2023,2023-08-16,1070.0000
infectious_disease,respiratory,COVID-19,Nation,England,COVID-19_cases_casesByDay,all,all,default,2023,2023-08-15,1092.0000
infectious_disease,respiratory,COVID-19,Nation,England,COVID-19_cases_casesByDay,all,all,default,2023,2023-08-14,1097.0000
infectious_disease,respiratory,COVID-19,Nation,England,COVID-19_cases_casesByDay,all,all,default,2023,2023-08-13,976.0000
infectious_disease,respiratory,COVID-19,Nation,England,COVID-19_cases_casesByDay,all,all,default,2023,2023-08-12,854.0000
infectious_disease,respiratory,COVID-19,Nation,England,COVID-19_cases_casesByDay,all,all,default,2023,2023-08-11,919.0000
infectious_disease,respiratory,COVID-19,Nation,England,COVID-19_cases_casesByDay,all,all,default,2023,2023-08-10,990.0000
infectious_disease,respiratory,COVID-19,Nation,England,COVID-19_cases_casesByDay,all,all,default,2023,2023-08-09,1034.0000
infectious_disease,respiratory,COVID-19,Nation,England,COVID-19_cases_casesByDay,all,all,default,2023,2023-08-08,1089.0000
infectious_disease,respiratory,COVID-19,Nation,England,COVID-19_cases_casesByDay,all,all,default,2023,2023-08-07,1021.0000
infectious_disease,respiratory,COVID-19,Nation,England,COVID-19_cases_casesByDay,all,all,default,2023,2023-08-06,827.0000
infectious_disease,respiratory,COVID-19,Nation,England,COVID-19_cases_casesByDay,all,all,default,2023,2023-08-05,681.0000
infectious_disease,respiratory,COVID-19,Nation,England,COVID-19_cases_casesByDay,all,all,default,2023,2023-08-04,771.0000
infectious_disease,respiratory,COVID-19,Nation,England,COVID-19_cases_casesByDay,all,all,default,2023,2023-08-03,807.0000
infectious_disease,respiratory,COVID-19,Nation,England,COVID-19_cases_casesByDay,all,all,default,2023,2023-08-02,824.0000
infectious_disease,respiratory,COVID-19,Nation,England,COVID-19_cases_casesByDay,all,all,default,2023,2023-08-01,846.0000
infectious_disease,respiratory,COVID-19,Nation,England,COVID-19_cases_casesByDay,all,all,default,2023,2023-07-31,847.0000
infectious_disease,respiratory,COVID-19,Nation,England,COVID-19_cases_casesByDay,all,all,default,2023,2023-07-30,752.0000
infectious_disease,respiratory,COVID-19,Nation,England,COVID-19_cases_casesByDay,all,all,default,2023,2023-07-29,629.0000
infectious_disease,respiratory,COVID-19,Nation,England,COVID-19_cases_casesByDay,all,all,default,2023,2023-07-28,625.0000
infectious_disease,respiratory,COVID-19,Nation,England,COVID-19_cases_casesByDay,all,all,default,2023,2023-07-27,629.0000
infectious_disease,respiratory,COVID-19,Nation,England,COVID-19_cases_casesByDay,all,all,default,2023,2023-07-26,621.0000
infectious_disease,respiratory,COVID-19,Nation,England,COVID-19_cases_casesByDay,all,all,default,2023,2023-07-25,648.0000
infectious_disease,respiratory,COVID-19,Nation,England,COVID-19_cases_casesByDay,all,all,default,2023,2023-07-24,630.0000
infectious_disease,respiratory,COVID-19,Nation,England,COVID-19_cases_casesByDay,all,all,default,2023,2023-07-23,495.0000
infectious_disease,respiratory,COVID-19,Nation,England,COVID-19_cases_casesByDay,all,all,default,2023,2023-07-22,412.0000
infectious_disease,respiratory,COVID-19,Nation,England,COVID-19_cases_casesByDay,all,all,default,2023,2023-07-21,445.0000
infectious_disease,respiratory,COVID-19,Nation,England,COVID-19_cases_casesByDay,all,all,default,2023,2023-07-20,497.0000
infectious_disease,respiratory,COVID-19,Nation,England,COVID-19_cases_casesByDay,all,all,default,2023,2023-07-19,468.0000
infectious_disease,respiratory,COVID-19,Nation,England,COVID-19_cases_casesByDay,all,all,default,2023,2023-07-18,517.0000
infectious_disease,respiratory,COVID-19,Nation,England,COVID-19_cases_casesByDay,all,all,default,2023,2023-07-17,491.0000
infectious_disease,respiratory,COVID-19,Nation,England,COVID-19_cases_casesByDay,all,all,default,2023,2023-07-16,384.0000
infectious_disease,respiratory,COVID-19,Nation,England,COVID-19_cases_casesByDay,all,all,default,2023,2023-07-15,338.0000
infectious_disease,respiratory,COVID-19,Nation,England,COVID-19_cases_casesByDay,all,all,default,2023,2023-07-14,340.0000
infectious_disease,respiratory,COVID-19,Nation,England,COVID-19_cases_casesByDay,all,all,default,2023,2023-07-13,417.0000
infectious_disease,respiratory,COVID-19,Nation,England,COVID-19_cases_casesByDay,all,all,default,2023,2023-07-12,418.0000
infectious_disease,respiratory,COVID-19,Nation,England,COVID-19_cases_casesByDay,all,all,default,2023,2023-07-11,450.0000
infectious_disease,respiratory,COVID-19,Nation,England,COVID-19_cases_casesByDay,all,all,default,2023,2023-07-10,457.0000
infectious_disease,respiratory,COVID-19,Nation,England,COVID-19_cases_casesByDay,all,all,default,2023,2023-07-09,391.0000
infectious_disease,respiratory,COVID-19,Nation,England,COVID-19_cases_casesByDay,all,all,default,2023,2023-07-08,308.0000
infectious_disease,respiratory,COVID-19,Nation,England,COVID-19_cases_casesByDay,all,all,default,2023,2023-07-07,350.0000
infectious_disease,respiratory,COVID-19,Nation,England,COVID-19_cases_casesByDay,all,all,default,2023,2023-07-06,316.0000
infectious_disease,respiratory,COVID-19,Nation,England,COVID-19_cases_casesByDay,all,all,default,2023,2023-07-05,344.0000
infectious_disease,respiratory,COVID-19,Nation,England,COVID-19_cases_casesByDay,all,all,default,2023,2023-07-04,309.0000
infectious_disease,respiratory,COVID-19,Nation,England,COVID-19_cases_casesByDay,all,all,default,2023,2023-07-03,346.0000
infectious_disease,respiratory,COVID-19,Nation,England,COVID-19_cases_casesByDay,all,all,default,2023,2023-07-02,264.0000
infectious_disease,respiratory,COVID-19,Nation,England,COVID-19_cases_casesByDay,all,all,default,2023,2023-07-01,209.0000
infectious_disease,respiratory,COVID-19,Nation,England,COVID-19_cases_casesByDay,all,all,default,2023,2023-06-30,236.0000
infectious_disease,respiratory,COVID-19,Nation,England,COVID-19_cases_casesByDay,all,all,default,2023,2023-06-29,253.0000
infectious_disease,respiratory,COVID-19,Nation,England,COVID-19_cases_casesByDay,all,all,default,2023,2023-06-28,298.0000
infectious_disease,respiratory,COVID-19,Nation,England,COVID-19_cases_casesByDay,all,all,default,2023,2023-06-27,295.0000
infectious_disease,respiratory,COVID-19,Nation,England,COVID-19_cases_casesByDay,all,all,default,2023,2023-06-26,306.0000
infectious_disease,respiratory,COVID-19,Nation,England,COVID-19_cases_casesByDay,all,all,default,2023,2023-06-25,303.0000
infectious_disease,respiratory,COVID-19,Nation,England,COVID-19_cases_casesByDay,all,all,default,2023,2023-06-24,259.0000
infectious_disease,respiratory,COVID-19,Nation,England,COVID-19_cases_casesByDay,all,all,default,2023,2023-06-23,289.0000
infectious_disease,respiratory,COVID-19,Nation,England,COVID-19_cases_casesByDay,all,all,default,2023,2023-06-22,347.0000
infectious_disease,respiratory,COVID-19,Nation,England,COVID-19_cases_casesByDay,all,all,default,2023,2023-06-21,371.0000
infectious_disease,respiratory,COVID-19,Nation,England,COVID-19_cases_casesByDay,all,all,default,2023,2023-06-20,396.0000
infectious_disease,respiratory,COVID-19,Nation,England,COVID-19_cases_casesByDay,all,all,default,2023,2023-06-19,421.0000
infectious_disease,respiratory,COVID-19,Nation,England,COVID-19_cases_casesByDay,all,all,default,2023,2023-06-18,350.0000
infectious_disease,respiratory,COVID-19,Nation,England,COVID-19_cases_casesByDay,all,all,default,2023,2023-06-17,333.0000
infectious_disease,respiratory,COVID-19,Nation,England,COVID-19_cases_casesByDay,all,all,default,2023,2023-06-16,341.0000
infectious_disease,respiratory,COVID-19,Nation,England,COVID-19_cases_casesByDay,all,all,default,2023,2023-06-15,385.0000
infectious_disease,respiratory,COVID-19,Nation,England,COVID-19_cases_casesByDay,all,all,default,2023,2023-06-14,464.0000
infectious_disease,respiratory,COVID-19,Nation,England,COVID-19_cases_casesByDay,all,all,default,2023,2023-06-13,509.0000
infectious_disease,respiratory,COVID-19,Nation,England,COVID-19_cases_casesByDay,all,all,default,2023,2023-06-12,585.0000
infectious_disease,respiratory,COVID-19,Nation,England,COVID-19_cases_casesByDay,all,all,default,2023,2023-06-11,517.0000
infectious_disease,respiratory,COVID-19,Nation,England,COVID-19_cases_casesByDay,all,all,default,2023,2023-06-10,382.0000
infectious_disease,respiratory,COVID-19,Nation,England,COVID-19_cases_casesByDay,all,all,default,2023,2023-06-09,469.0000
infectious_disease,respiratory,COVID-19,Nation,England,COVID-19_cases_casesByDay,all,all,default,2023,2023-06-08,578.0000
infectious_disease,respiratory,COVID-19,Nation,England,COVID-19_cases_casesByDay,all,all,default,2023,2023-06-07,682.0000
infectious_disease,respiratory,COVID-19,Nation,England,COVID-19_cases_casesByDay,all,all,default,2023,2023-06-06,757.0000
infectious_disease,respiratory,COVID-19,Nation,England,COVID-19_cases_casesByDay,all,all,default,2023,2023-06-05,806.0000
infectious_disease,respiratory,COVID-19,Nation,England,COVID-19_cases_casesByDay,all,all,default,2023,2023-06-04,615.0000
infectious_disease,respiratory,COVID-19,Nation,England,COVID-19_cases_casesByDay,all,all,default,2023,2023-06-03,472.0000
infectious_disease,respiratory,COVID-19,Nation,England,COVID-19_cases_casesByDay,all,all,default,2023,2023-06-02,578.0000
infectious_disease,respiratory,COVID-19,Nation,England,COVID-19_cases_casesByDay,all,all,default,2023,2023-06-01,675.0000
